Brand,Processor,Generation,RAM_GB,Storage_Type,Storage_GB,Screen_Size,GPU,OS,Weight_kg,Touchscreen,Warranty_Years,Price_INR
Dell,AMD Ryzen 7,Ryzen 5000,64,HDD,256,15.6,NVIDIA RTX 3050,macOS,2.0,1,3,92200.0
Microsoft,Intel Core i9,14th Gen,64,SSD,2048,17.3,NVIDIA GTX 1650,Linux,1.2,0,2,147200.0
Microsoft,AMD Ryzen 9,Ryzen 7000,32,SSD,2048,13.3,AMD Radeon,Windows 11,1.5,0,2,124600.0
Acer,AMD Ryzen 3,Ryzen 7000,32,HDD,256,15.6,NVIDIA RTX 3050,Linux,1.2,1,1,58000.0
Apple,AMD Ryzen 7,Ryzen 5000,32,Hybrid,256,17.3,NVIDIA RTX 4060,Windows 10,2.3,1,2,108400.0
HP,Apple M2,M2,4,HDD,512,15.6,NVIDIA GTX 1650,macOS,1.5,0,1,120000.0
HP,Intel Core i7,14th Gen,4,Hybrid,2048,13.3,NVIDIA RTX 3060,Windows 10,1.2,0,1,92400.0
Razer,AMD Ryzen 7,Ryzen 7000,16,HDD,256,17.3,NVIDIA RTX 3050,Windows 10,2.0,1,2,93000.0
Asus,AMD Ryzen 9,Ryzen 7000,32,Hybrid,256,13.3,NVIDIA RTX 3050,Windows 10,2.0,1,1,123600.0
Apple,AMD Ryzen 3,Ryzen 5000,64,HDD,1024,17.3,NVIDIA RTX 4060,Windows 11,1.5,1,2,86100.0
Samsung,Intel Core i9,14th Gen,8,Hybrid,256,15.6,NVIDIA RTX 3070,macOS,2.3,1,1,144300.0
Dell,AMD Ryzen 9,Ryzen 7000,16,HDD,256,14.0,NVIDIA RTX 4060,macOS,2.0,0,1,118300.0
MSI,AMD Ryzen 9,Ryzen 6000,4,HDD,2048,15.6,NVIDIA RTX 3050,Windows 11,2.0,0,1,111400.0
Lenovo,Intel Core i7,12th Gen,16,Hybrid,512,15.6,NVIDIA GTX 1650,macOS,2.3,0,3,80200.0
Acer,AMD Ryzen 5,Ryzen 7000,16,SSD,2048,14.0,NVIDIA RTX 3070,Windows 10,1.2,0,2,85200.0
Asus,AMD Ryzen 3,Ryzen 5000,16,Hybrid,512,14.0,NVIDIA RTX 4060,macOS,2.0,0,2,58700.0
Asus,Intel Core i5,10th Gen,16,SSD,1024,17.3,AMD Radeon,Windows 11,1.8,0,1,58900.0
Asus,AMD Ryzen 9,Ryzen 7000,8,HDD,256,17.3,NVIDIA RTX 4060,Windows 10,2.5,0,1,116500.0
Dell,AMD Ryzen 5,Ryzen 7000,32,Hybrid,1024,13.3,NVIDIA RTX 3050,Windows 11,2.5,1,3,75200.0
Dell,Intel Core i5,10th Gen,64,Hybrid,512,13.3,NVIDIA RTX 3050,Linux,2.0,0,1,72000.0
Lenovo,AMD Ryzen 3,Ryzen 6000,16,Hybrid,2048,15.6,NVIDIA RTX 3060,Windows 10,1.2,0,1,59800.0
Samsung,Intel Core i3,10th Gen,16,SSD,2048,14.0,NVIDIA RTX 4060,Windows 10,1.2,0,2,69600.0
Apple,Apple M2,M2,16,SSD,1024,13.3,NVIDIA RTX 3050,macOS,1.5,0,1,146800.0
Asus,AMD Ryzen 5,Ryzen 6000,32,HDD,512,15.6,AMD Radeon,Windows 10,1.8,1,3,66200.0
HP,Apple M1,M1 Pro,4,SSD,1024,14.0,Integrated,Windows 11,1.2,0,2,123700.0
Microsoft,Intel Core i3,13th Gen,4,SSD,1024,17.3,NVIDIA RTX 3070,macOS,2.3,1,1,80400.0
HP,Apple M2,M2 Pro,8,HDD,256,15.6,Integrated,Linux,1.8,0,1,140000.0
Razer,Intel Core i7,13th Gen,4,Hybrid,1024,17.3,NVIDIA RTX 3070,Windows 11,2.5,0,1,115100.0
HP,AMD Ryzen 7,Ryzen 5000,16,Hybrid,256,13.3,AMD Radeon,Linux,1.8,0,3,67100.0
Razer,Intel Core i9,12th Gen,16,HDD,256,13.3,NVIDIA RTX 4060,Linux,2.3,0,2,141600.0
MSI,Apple M1,M1 Max,16,Hybrid,2048,14.0,NVIDIA RTX 3060,Linux,2.0,1,1,162800.0
Microsoft,Intel Core i7,12th Gen,8,SSD,256,15.6,NVIDIA RTX 3050,Windows 10,2.3,0,1,89200.0
HP,AMD Ryzen 3,Ryzen 7000,16,HDD,256,17.3,NVIDIA RTX 3050,Windows 11,2.3,1,2,56800.0
MSI,Intel Core i7,13th Gen,4,HDD,2048,14.0,NVIDIA RTX 3050,Windows 11,2.0,0,2,81300.0
Acer,AMD Ryzen 7,Ryzen 7000,32,HDD,1024,13.3,NVIDIA RTX 4060,Windows 10,2.0,1,1,97400.0
Apple,AMD Ryzen 3,Ryzen 5000,32,Hybrid,512,13.3,NVIDIA RTX 3070,macOS,2.0,0,1,67300.0
MSI,Apple M1,M1 Max,64,HDD,512,15.6,AMD Radeon,Linux,2.0,1,1,167300.0
Apple,AMD Ryzen 7,Ryzen 5000,4,HDD,512,17.3,NVIDIA RTX 3050,Windows 11,2.0,0,2,83900.0
HP,Intel Core i5,14th Gen,16,HDD,1024,15.6,Integrated,Windows 10,2.3,0,3,57000.0
Samsung,Intel Core i9,12th Gen,32,Hybrid,256,17.3,NVIDIA RTX 3050,Linux,1.5,0,1,132200.0
MSI,Apple M1,M1 Pro,4,SSD,512,17.3,NVIDIA RTX 4060,macOS,1.5,1,2,158900.0
Microsoft,Intel Core i5,13th Gen,32,HDD,1024,15.6,AMD Radeon,macOS,1.2,0,1,63100.0
HP,Apple M2,M2,16,SSD,256,14.0,NVIDIA RTX 3060,Linux,1.5,0,1,135600.0
Asus,Apple M1,M1,32,Hybrid,2048,15.6,AMD Radeon,macOS,2.5,1,1,117500.0
Dell,Apple M2,M2 Pro,64,Hybrid,512,15.6,Integrated,Windows 11,1.5,0,3,163600.0
MSI,AMD Ryzen 3,Ryzen 5000,64,Hybrid,256,13.3,NVIDIA RTX 3050,Windows 11,2.3,0,1,62000.0
Microsoft,Intel Core i5,12th Gen,32,Hybrid,512,13.3,NVIDIA RTX 3050,Windows 11,2.0,0,2,71300.0
Acer,Intel Core i9,14th Gen,4,SSD,512,15.6,NVIDIA GTX 1650,macOS,2.0,0,1,110400.0
Asus,AMD Ryzen 7,Ryzen 5000,4,HDD,512,15.6,NVIDIA RTX 3070,Windows 11,2.3,1,1,89400.0
Acer,AMD Ryzen 9,Ryzen 7000,4,Hybrid,256,13.3,Integrated,Windows 10,2.5,1,1,93400.0
HP,Intel Core i7,13th Gen,32,Hybrid,1024,17.3,NVIDIA GTX 1650,Windows 11,1.5,0,2,91900.0
Dell,Intel Core i3,11th Gen,4,SSD,256,15.6,AMD Radeon,Windows 11,2.3,1,1,35000.0
MSI,Intel Core i9,13th Gen,16,SSD,512,14.0,NVIDIA RTX 3060,macOS,1.2,0,2,133400.0
MSI,Intel Core i5,11th Gen,64,Hybrid,256,14.0,NVIDIA RTX 3070,Windows 11,2.0,0,1,96400.0
Samsung,AMD Ryzen 9,Ryzen 6000,16,HDD,2048,14.0,Integrated,Linux,1.8,0,1,95700.0
Samsung,Intel Core i9,13th Gen,4,HDD,1024,15.6,NVIDIA RTX 3050,Windows 10,1.2,0,1,115100.0
HP,Intel Core i5,12th Gen,16,Hybrid,256,17.3,AMD Radeon,macOS,2.5,0,1,57000.0
HP,AMD Ryzen 5,Ryzen 5000,4,SSD,2048,17.3,Integrated,Windows 10,1.2,1,1,51000.0
Dell,AMD Ryzen 5,Ryzen 7000,32,Hybrid,1024,13.3,NVIDIA RTX 3050,Linux,2.3,1,1,68000.0
Samsung,Apple M2,M2 Max,16,Hybrid,2048,15.6,NVIDIA RTX 3070,macOS,1.5,0,2,211400.0
Microsoft,Intel Core i9,14th Gen,32,SSD,1024,17.3,NVIDIA RTX 3050,macOS,2.0,0,2,147200.0
Microsoft,AMD Ryzen 5,Ryzen 7000,32,Hybrid,256,15.6,NVIDIA RTX 3060,Windows 11,2.5,1,1,88000.0
Dell,Intel Core i5,10th Gen,8,Hybrid,2048,13.3,AMD Radeon,Windows 10,2.5,1,1,54900.0
Microsoft,Apple M2,M2 Max,4,Hybrid,512,13.3,NVIDIA RTX 4060,Linux,1.8,1,1,213300.0
Razer,Intel Core i5,13th Gen,64,SSD,2048,13.3,NVIDIA RTX 3050,Linux,1.2,0,1,98800.0
Apple,Apple M2,M2 Pro,4,HDD,1024,14.0,NVIDIA RTX 3060,macOS,1.8,1,1,172100.0
Dell,Intel Core i9,12th Gen,64,HDD,256,15.6,NVIDIA RTX 4060,Windows 11,1.5,0,3,154300.0
Dell,AMD Ryzen 9,Ryzen 7000,4,SSD,1024,13.3,AMD Radeon,macOS,1.5,0,1,100600.0
Lenovo,AMD Ryzen 7,Ryzen 5000,32,HDD,2048,15.6,NVIDIA RTX 3070,macOS,1.8,0,1,104100.0
Asus,Apple M1,M1,16,Hybrid,2048,14.0,NVIDIA RTX 3070,macOS,2.0,0,1,130600.0
Asus,AMD Ryzen 9,Ryzen 6000,16,HDD,512,14.0,AMD Radeon,macOS,1.5,0,1,102600.0
Razer,AMD Ryzen 3,Ryzen 7000,8,Hybrid,256,13.3,AMD Radeon,Linux,1.8,0,2,43800.0
Samsung,Intel Core i5,12th Gen,64,HDD,256,13.3,Integrated,Linux,1.2,0,1,63000.0
HP,AMD Ryzen 3,Ryzen 6000,64,SSD,2048,17.3,NVIDIA RTX 3060,macOS,1.8,1,1,89100.0
HP,AMD Ryzen 9,Ryzen 7000,64,HDD,256,15.6,NVIDIA RTX 3060,macOS,1.8,0,2,136400.0
Acer,Apple M2,M2 Pro,32,HDD,512,13.3,AMD Radeon,Windows 11,2.3,0,1,156100.0
Razer,Apple M1,M1,64,HDD,1024,17.3,NVIDIA GTX 1650,macOS,1.5,0,2,142100.0
Dell,Apple M1,M1,16,SSD,256,15.6,NVIDIA GTX 1650,Linux,2.0,1,2,107400.0
Razer,Intel Core i3,12th Gen,32,HDD,2048,13.3,NVIDIA RTX 4060,Windows 10,2.0,0,1,73600.0
Razer,Apple M1,M1,4,SSD,1024,17.3,NVIDIA RTX 4060,Linux,2.3,0,2,142400.0
Razer,AMD Ryzen 7,Ryzen 5000,64,Hybrid,1024,17.3,NVIDIA GTX 1650,Windows 11,2.5,0,1,105500.0
Asus,Apple M1,M1,64,HDD,512,15.6,AMD Radeon,Linux,2.0,1,2,119500.0
Razer,AMD Ryzen 9,Ryzen 7000,4,SSD,2048,17.3,AMD Radeon,Windows 10,1.8,1,1,126900.0
Apple,Intel Core i3,11th Gen,64,SSD,256,15.6,NVIDIA RTX 4060,macOS,2.3,0,1,86100.0
HP,AMD Ryzen 9,Ryzen 7000,4,HDD,2048,15.6,NVIDIA RTX 3050,Windows 10,1.2,0,2,111600.0
Acer,AMD Ryzen 9,Ryzen 7000,32,Hybrid,1024,15.6,AMD Radeon,macOS,1.5,1,3,119800.0
Apple,Intel Core i7,13th Gen,16,SSD,2048,14.0,NVIDIA GTX 1650,macOS,1.5,0,3,101300.0
Acer,Intel Core i3,10th Gen,4,HDD,256,17.3,NVIDIA RTX 3060,Linux,1.5,0,2,50400.0
Lenovo,AMD Ryzen 9,Ryzen 7000,8,Hybrid,256,15.6,AMD Radeon,Linux,1.8,0,1,99100.0
Acer,Intel Core i7,11th Gen,4,SSD,512,13.3,AMD Radeon,Linux,1.2,0,1,62700.0
HP,Intel Core i7,13th Gen,64,SSD,256,14.0,NVIDIA RTX 3050,Windows 11,2.3,0,1,103000.0
HP,Intel Core i3,10th Gen,32,Hybrid,256,14.0,NVIDIA RTX 4060,Linux,2.3,0,1,62900.0
Razer,AMD Ryzen 3,Ryzen 5000,32,Hybrid,2048,17.3,AMD Radeon,Windows 11,1.5,0,1,61400.0
MSI,Apple M2,M2 Pro,4,HDD,2048,15.6,NVIDIA RTX 3070,Linux,1.2,1,3,189700.0
Lenovo,AMD Ryzen 7,Ryzen 7000,16,HDD,1024,17.3,Integrated,macOS,1.2,0,1,65300.0
Dell,Apple M2,M2 Max,8,SSD,512,14.0,NVIDIA GTX 1650,Windows 11,1.2,1,1,187100.0
Microsoft,Apple M1,M1 Max,32,Hybrid,2048,15.6,NVIDIA RTX 3070,Windows 10,2.0,0,1,195800.0
Acer,AMD Ryzen 7,Ryzen 7000,64,Hybrid,256,13.3,NVIDIA RTX 4060,Windows 11,2.0,0,3,107700.0
MSI,Apple M1,M1 Pro,64,Hybrid,1024,15.6,NVIDIA RTX 3060,Windows 11,1.5,0,2,165300.0
Razer,AMD Ryzen 9,Ryzen 7000,16,SSD,2048,14.0,Integrated,Windows 10,1.2,1,2,116300.0
Asus,Intel Core i5,14th Gen,32,Hybrid,512,13.3,NVIDIA RTX 3070,Windows 11,2.5,1,1,87000.0
Dell,Intel Core i3,10th Gen,4,Hybrid,512,15.6,Integrated,macOS,1.2,0,3,28000.0
Samsung,AMD Ryzen 7,Ryzen 5000,64,SSD,1024,13.3,NVIDIA GTX 1650,Linux,2.3,1,1,96000.0
MSI,AMD Ryzen 7,Ryzen 5000,16,HDD,1024,13.3,NVIDIA RTX 4060,Windows 10,2.3,0,3,87000.0
Asus,AMD Ryzen 9,Ryzen 7000,32,HDD,1024,14.0,AMD Radeon,Linux,1.5,1,2,112400.0
Lenovo,AMD Ryzen 3,Ryzen 7000,32,SSD,1024,13.3,NVIDIA RTX 3060,macOS,2.5,1,1,64500.0
Razer,Intel Core i7,12th Gen,32,Hybrid,1024,17.3,NVIDIA RTX 4060,Windows 10,1.2,1,1,126400.0
Dell,AMD Ryzen 9,Ryzen 6000,32,SSD,256,14.0,Integrated,Linux,2.5,0,2,104800.0
Dell,AMD Ryzen 5,Ryzen 6000,32,HDD,256,17.3,NVIDIA RTX 3070,Linux,1.5,0,1,80700.0
Dell,Intel Core i7,13th Gen,64,HDD,2048,13.3,NVIDIA GTX 1650,macOS,2.3,0,3,100000.0
Lenovo,Intel Core i3,12th Gen,16,SSD,512,17.3,NVIDIA GTX 1650,Linux,2.3,0,1,51300.0
Acer,Intel Core i7,12th Gen,32,SSD,256,15.6,NVIDIA RTX 4060,macOS,2.0,0,1,102300.0
Samsung,AMD Ryzen 3,Ryzen 6000,8,HDD,256,13.3,AMD Radeon,Windows 11,1.5,0,1,29600.0
Lenovo,Intel Core i7,12th Gen,8,SSD,256,15.6,NVIDIA RTX 3070,macOS,1.5,0,1,98400.0
Microsoft,Intel Core i3,13th Gen,16,HDD,2048,17.3,AMD Radeon,Windows 11,1.2,0,1,55000.0
Samsung,AMD Ryzen 3,Ryzen 5000,4,SSD,1024,15.6,AMD Radeon,Windows 10,1.2,0,1,37000.0
HP,Apple M2,M2 Pro,4,SSD,2048,13.3,NVIDIA RTX 3070,Linux,2.0,0,2,178700.0
Razer,AMD Ryzen 7,Ryzen 6000,4,SSD,512,15.6,Integrated,macOS,1.8,1,1,78500.0
Lenovo,AMD Ryzen 7,Ryzen 6000,8,HDD,512,17.3,NVIDIA RTX 4060,macOS,2.5,0,3,89200.0
Asus,Apple M1,M1 Max,4,SSD,512,17.3,NVIDIA RTX 4060,Linux,1.8,0,2,172600.0
Samsung,Apple M2,M2 Max,64,HDD,512,17.3,NVIDIA RTX 3050,Linux,1.8,1,3,231600.0
Microsoft,Apple M2,M2,32,HDD,256,13.3,NVIDIA RTX 4060,Windows 10,1.5,0,1,138000.0
HP,Intel Core i7,14th Gen,8,SSD,256,17.3,NVIDIA GTX 1650,Windows 10,2.5,0,1,81800.0
Acer,AMD Ryzen 7,Ryzen 5000,16,SSD,2048,13.3,Integrated,macOS,1.5,0,1,63200.0
Asus,Intel Core i3,12th Gen,16,HDD,1024,15.6,NVIDIA RTX 3070,Windows 10,2.5,0,2,69000.0
Samsung,Intel Core i9,14th Gen,32,HDD,512,17.3,NVIDIA RTX 4060,Windows 11,2.3,1,3,161700.0
Razer,Intel Core i9,14th Gen,8,Hybrid,2048,15.6,Integrated,Windows 10,1.5,0,1,123000.0
Asus,AMD Ryzen 3,Ryzen 6000,4,HDD,256,14.0,NVIDIA RTX 4060,Windows 10,1.5,0,1,51900.0
HP,AMD Ryzen 7,Ryzen 6000,4,Hybrid,256,15.6,NVIDIA RTX 3070,macOS,1.5,0,3,92000.0
Asus,AMD Ryzen 7,Ryzen 7000,64,Hybrid,1024,14.0,NVIDIA RTX 3060,Windows 11,2.0,0,1,106900.0
Apple,Intel Core i9,13th Gen,64,Hybrid,1024,15.6,NVIDIA RTX 3070,Windows 10,1.5,1,2,174400.0
MSI,AMD Ryzen 7,Ryzen 6000,4,SSD,1024,13.3,NVIDIA RTX 3070,Windows 11,1.2,0,2,102000.0
Acer,Intel Core i7,14th Gen,16,SSD,2048,15.6,NVIDIA RTX 3070,Windows 11,1.2,0,3,106500.0
HP,AMD Ryzen 5,Ryzen 5000,16,HDD,256,13.3,NVIDIA RTX 4060,Windows 11,2.5,0,1,63200.0
Asus,Intel Core i5,13th Gen,64,Hybrid,256,13.3,NVIDIA RTX 3050,Linux,2.3,0,1,78700.0
MSI,Apple M2,M2 Pro,32,SSD,1024,17.3,NVIDIA RTX 3070,Linux,2.0,0,2,205500.0
MSI,Apple M1,M1 Max,4,SSD,512,13.3,NVIDIA GTX 1650,Linux,2.5,1,3,160300.0
Asus,AMD Ryzen 3,Ryzen 5000,64,SSD,1024,14.0,NVIDIA GTX 1650,Linux,1.2,1,1,69500.0
Razer,AMD Ryzen 5,Ryzen 5000,64,SSD,2048,17.3,Integrated,macOS,2.0,1,1,91000.0
Apple,Intel Core i9,12th Gen,4,SSD,1024,17.3,NVIDIA RTX 3050,Windows 10,2.0,1,2,139600.0
Lenovo,Apple M2,M2 Max,4,Hybrid,1024,15.6,Integrated,Linux,2.3,0,3,165100.0
Apple,AMD Ryzen 7,Ryzen 7000,16,Hybrid,2048,13.3,NVIDIA GTX 1650,macOS,2.0,0,3,95700.0
Asus,Apple M1,M1 Max,32,Hybrid,1024,13.3,AMD Radeon,Windows 10,1.5,1,3,172800.0
Acer,AMD Ryzen 7,Ryzen 7000,32,Hybrid,256,14.0,NVIDIA GTX 1650,Linux,2.0,1,1,83300.0
Lenovo,Intel Core i3,12th Gen,4,HDD,512,15.6,NVIDIA RTX 3060,Windows 10,2.3,1,1,50000.0
HP,Intel Core i3,10th Gen,8,Hybrid,1024,15.6,NVIDIA RTX 3070,Linux,2.5,0,2,57700.0
Apple,Apple M1,M1 Pro,64,SSD,2048,17.3,AMD Radeon,macOS,2.3,0,3,168100.0
Asus,Apple M1,M1,64,Hybrid,512,17.3,NVIDIA GTX 1650,Windows 11,2.3,1,1,133500.0
Apple,Intel Core i9,14th Gen,4,HDD,2048,17.3,NVIDIA RTX 4060,Windows 11,1.2,1,1,141900.0
Lenovo,Apple M1,M1,8,SSD,512,14.0,NVIDIA RTX 4060,Windows 10,1.5,1,2,121800.0
Microsoft,Intel Core i7,13th Gen,16,Hybrid,512,14.0,Integrated,macOS,1.2,0,1,71800.0
Samsung,AMD Ryzen 7,Ryzen 7000,4,Hybrid,1024,17.3,AMD Radeon,Windows 11,2.5,0,1,76000.0
Apple,AMD Ryzen 5,Ryzen 5000,4,Hybrid,256,15.6,Integrated,Linux,1.8,0,2,46900.0
HP,AMD Ryzen 9,Ryzen 7000,64,SSD,1024,14.0,NVIDIA RTX 3070,Windows 11,2.5,1,2,162500.0
HP,Apple M1,M1 Max,4,SSD,2048,15.6,NVIDIA RTX 3070,Windows 10,1.5,0,2,176200.0
Dell,AMD Ryzen 3,Ryzen 6000,4,HDD,2048,15.6,NVIDIA RTX 3060,Windows 10,2.0,0,1,53200.0
Apple,Intel Core i3,12th Gen,4,SSD,512,13.3,NVIDIA RTX 3050,macOS,2.3,1,2,58100.0
Samsung,Intel Core i7,14th Gen,64,SSD,512,17.3,Integrated,Windows 10,1.8,0,2,102300.0
Razer,Apple M2,M2 Pro,16,Hybrid,256,13.3,NVIDIA RTX 3070,Windows 11,1.5,1,2,190900.0
MSI,AMD Ryzen 9,Ryzen 7000,16,SSD,1024,17.3,Integrated,Windows 11,1.2,0,2,115800.0
Samsung,AMD Ryzen 5,Ryzen 6000,4,Hybrid,2048,17.3,NVIDIA RTX 3070,Windows 11,2.3,1,1,90800.0
MSI,AMD Ryzen 9,Ryzen 6000,64,Hybrid,512,15.6,NVIDIA GTX 1650,Windows 11,2.5,0,1,128800.0
MSI,Apple M1,M1,16,SSD,256,17.3,Integrated,macOS,1.2,1,1,110700.0
Microsoft,Intel Core i9,13th Gen,16,HDD,2048,15.6,NVIDIA GTX 1650,Linux,1.5,1,1,134000.0
Dell,Intel Core i3,10th Gen,16,HDD,512,15.6,Integrated,Linux,1.5,0,2,28400.0
Samsung,Intel Core i3,11th Gen,64,SSD,2048,17.3,NVIDIA RTX 3050,macOS,2.5,0,3,77400.0
Samsung,Apple M2,M2 Max,64,HDD,256,15.6,NVIDIA RTX 3060,Windows 10,1.8,0,2,201900.0
Microsoft,Intel Core i9,14th Gen,4,Hybrid,256,15.6,NVIDIA RTX 4060,Linux,2.5,0,2,131100.0
Apple,AMD Ryzen 7,Ryzen 6000,32,Hybrid,2048,15.6,NVIDIA RTX 4060,Windows 10,2.0,1,1,119200.0
Apple,Intel Core i5,11th Gen,16,SSD,1024,14.0,NVIDIA RTX 4060,Linux,1.2,0,1,82300.0
Apple,Intel Core i7,13th Gen,32,HDD,2048,15.6,NVIDIA GTX 1650,Windows 10,1.8,0,1,97400.0
Acer,Intel Core i3,10th Gen,64,HDD,512,14.0,AMD Radeon,macOS,2.3,0,1,49900.0
MSI,AMD Ryzen 3,Ryzen 7000,64,Hybrid,1024,14.0,NVIDIA RTX 3070,Windows 11,2.0,1,1,92600.0
Acer,Intel Core i3,10th Gen,64,SSD,512,15.6,NVIDIA RTX 4060,Windows 10,1.8,1,2,79000.0
Dell,AMD Ryzen 9,Ryzen 6000,32,HDD,2048,15.6,NVIDIA RTX 3050,Windows 11,1.2,0,3,124100.0
Microsoft,Intel Core i3,13th Gen,64,SSD,1024,14.0,NVIDIA RTX 4060,Windows 10,1.5,0,1,90300.0
Samsung,Intel Core i3,10th Gen,4,HDD,512,14.0,Integrated,Windows 10,2.3,0,1,28000.0
MSI,Intel Core i5,12th Gen,64,Hybrid,2048,15.6,NVIDIA GTX 1650,Windows 10,2.5,0,2,86400.0
Acer,Intel Core i5,13th Gen,8,Hybrid,2048,15.6,AMD Radeon,Windows 10,1.2,0,1,54100.0
Acer,AMD Ryzen 5,Ryzen 5000,32,SSD,1024,17.3,Integrated,Windows 10,2.0,0,3,53700.0
Asus,AMD Ryzen 7,Ryzen 6000,8,Hybrid,2048,14.0,AMD Radeon,Windows 11,2.0,0,2,76100.0
Acer,AMD Ryzen 3,Ryzen 6000,64,HDD,256,14.0,Integrated,Windows 10,1.5,0,3,48200.0
Razer,Intel Core i3,10th Gen,4,Hybrid,512,17.3,Integrated,Windows 11,1.5,0,1,39500.0
Samsung,Intel Core i3,12th Gen,16,SSD,512,14.0,NVIDIA RTX 3060,macOS,2.3,0,2,64100.0
Razer,Intel Core i7,11th Gen,64,SSD,2048,13.3,NVIDIA RTX 3060,Linux,2.5,0,1,124800.0
Samsung,Intel Core i5,13th Gen,4,SSD,2048,14.0,NVIDIA RTX 3070,Windows 10,2.3,1,2,92500.0
Microsoft,AMD Ryzen 3,Ryzen 7000,32,HDD,256,17.3,NVIDIA GTX 1650,Linux,1.5,1,1,61600.0
Samsung,Apple M2,M2 Pro,8,HDD,1024,13.3,NVIDIA RTX 3050,Windows 11,1.5,0,1,158400.0
Razer,AMD Ryzen 5,Ryzen 7000,8,HDD,2048,15.6,NVIDIA RTX 3050,macOS,2.0,0,2,73200.0
Samsung,AMD Ryzen 7,Ryzen 6000,8,HDD,2048,17.3,NVIDIA RTX 3050,macOS,1.5,1,2,94000.0
Microsoft,Intel Core i9,14th Gen,32,HDD,2048,17.3,Integrated,macOS,1.8,1,3,144900.0
Microsoft,AMD Ryzen 7,Ryzen 7000,4,Hybrid,2048,15.6,NVIDIA RTX 3060,Linux,1.2,0,2,103700.0
Dell,AMD Ryzen 9,Ryzen 6000,32,HDD,512,17.3,NVIDIA GTX 1650,Windows 11,1.5,0,2,119000.0
Samsung,Intel Core i3,13th Gen,8,HDD,2048,14.0,Integrated,Windows 10,2.3,0,1,34700.0
Asus,AMD Ryzen 5,Ryzen 5000,64,Hybrid,512,15.6,AMD Radeon,Windows 10,2.5,0,2,65300.0
Apple,AMD Ryzen 9,Ryzen 6000,16,HDD,2048,17.3,NVIDIA RTX 3060,Windows 11,2.5,0,2,146600.0
HP,AMD Ryzen 3,Ryzen 6000,32,SSD,1024,15.6,NVIDIA RTX 3060,Linux,2.5,0,3,68000.0
Microsoft,Intel Core i9,13th Gen,32,HDD,256,15.6,NVIDIA RTX 4060,Windows 10,1.8,0,3,147100.0
Lenovo,Intel Core i5,10th Gen,4,HDD,1024,15.6,NVIDIA RTX 4060,Windows 11,2.3,0,1,64500.0
Apple,AMD Ryzen 5,Ryzen 6000,4,SSD,2048,13.3,NVIDIA GTX 1650,Windows 10,1.8,0,3,61300.0
MSI,AMD Ryzen 5,Ryzen 5000,32,SSD,2048,17.3,AMD Radeon,macOS,1.5,0,1,73200.0
Samsung,Intel Core i3,13th Gen,8,SSD,2048,13.3,NVIDIA GTX 1650,Windows 10,1.2,0,1,47400.0
Razer,Apple M1,M1 Max,16,SSD,1024,17.3,NVIDIA GTX 1650,Linux,2.5,0,2,178300.0
HP,AMD Ryzen 5,Ryzen 6000,4,HDD,2048,14.0,Integrated,Windows 11,2.3,0,1,40200.0
Lenovo,Intel Core i7,12th Gen,8,SSD,1024,14.0,NVIDIA RTX 3070,Linux,2.5,1,2,103100.0
Apple,Intel Core i9,12th Gen,64,SSD,512,14.0,NVIDIA GTX 1650,Windows 11,1.8,0,1,147500.0
Samsung,Intel Core i9,13th Gen,4,Hybrid,256,17.3,NVIDIA RTX 4060,macOS,2.0,1,1,137500.0
Dell,Intel Core i7,12th Gen,8,SSD,256,15.6,NVIDIA RTX 3070,Windows 11,1.5,1,2,100000.0
MSI,Apple M2,M2 Max,8,SSD,1024,15.6,Integrated,Windows 10,1.2,0,2,178100.0
HP,Intel Core i7,12th Gen,16,Hybrid,512,13.3,NVIDIA RTX 3070,Windows 10,1.5,0,3,93900.0
Asus,Intel Core i7,13th Gen,16,Hybrid,1024,13.3,NVIDIA RTX 3050,macOS,2.0,0,2,79500.0
Dell,Intel Core i9,12th Gen,64,HDD,512,14.0,AMD Radeon,Windows 11,1.2,1,2,137200.0
Lenovo,AMD Ryzen 7,Ryzen 6000,8,Hybrid,2048,13.3,NVIDIA RTX 3070,macOS,2.0,1,1,97800.0
HP,Intel Core i9,14th Gen,8,HDD,512,17.3,NVIDIA GTX 1650,Windows 10,1.5,1,1,126000.0
Dell,Apple M1,M1,16,Hybrid,512,17.3,Integrated,Linux,1.8,0,1,107800.0
MSI,Intel Core i3,11th Gen,4,Hybrid,512,13.3,AMD Radeon,macOS,1.5,0,2,36600.0
Asus,AMD Ryzen 9,Ryzen 6000,4,HDD,256,13.3,NVIDIA GTX 1650,Linux,1.5,0,2,91600.0
Dell,AMD Ryzen 7,Ryzen 6000,32,Hybrid,512,13.3,AMD Radeon,Linux,1.5,0,1,71500.0
Acer,Intel Core i5,14th Gen,16,HDD,2048,13.3,NVIDIA RTX 4060,Windows 11,2.3,0,2,81400.0
Asus,AMD Ryzen 9,Ryzen 6000,32,Hybrid,2048,14.0,NVIDIA RTX 3050,macOS,2.0,0,2,127400.0
Lenovo,Intel Core i3,12th Gen,16,SSD,2048,14.0,NVIDIA RTX 4060,Linux,2.0,1,1,78700.0
MSI,Apple M1,M1,64,Hybrid,512,13.3,NVIDIA GTX 1650,Linux,2.5,0,1,123700.0
Samsung,Apple M1,M1 Pro,8,HDD,1024,17.3,NVIDIA GTX 1650,Windows 11,2.0,0,3,141800.0
Razer,Intel Core i5,12th Gen,64,Hybrid,1024,14.0,NVIDIA GTX 1650,Windows 11,2.5,0,2,90200.0
Razer,AMD Ryzen 7,Ryzen 6000,16,HDD,2048,17.3,NVIDIA RTX 3060,Windows 10,2.3,1,3,104800.0
Razer,Apple M2,M2 Pro,8,HDD,256,15.6,NVIDIA RTX 3050,Linux,1.8,1,1,166300.0
HP,Intel Core i7,12th Gen,4,SSD,1024,17.3,AMD Radeon,Windows 10,2.5,0,3,79700.0
Lenovo,AMD Ryzen 7,Ryzen 5000,4,SSD,512,13.3,NVIDIA GTX 1650,Linux,1.5,0,1,60500.0
MSI,Apple M2,M2,32,HDD,1024,15.6,NVIDIA GTX 1650,Windows 10,1.8,0,1,126600.0
Asus,Apple M1,M1 Pro,16,Hybrid,2048,14.0,AMD Radeon,Windows 11,2.3,1,3,128000.0
HP,Intel Core i9,14th Gen,16,HDD,256,14.0,NVIDIA RTX 4060,macOS,2.0,0,1,133600.0
Lenovo,Intel Core i3,10th Gen,4,HDD,1024,15.6,NVIDIA RTX 4060,Windows 11,2.5,0,2,52400.0
Samsung,Intel Core i5,12th Gen,64,Hybrid,1024,17.3,NVIDIA GTX 1650,Windows 10,1.5,0,1,82300.0
Acer,Intel Core i3,11th Gen,8,Hybrid,2048,14.0,Integrated,Windows 10,1.2,0,2,32200.0
MSI,AMD Ryzen 3,Ryzen 6000,64,Hybrid,256,13.3,NVIDIA RTX 3060,macOS,1.2,1,3,75300.0
Razer,AMD Ryzen 3,Ryzen 5000,64,Hybrid,256,15.6,NVIDIA RTX 4060,Linux,1.8,0,1,83400.0
Dell,AMD Ryzen 7,Ryzen 6000,4,HDD,2048,13.3,Integrated,Windows 10,2.0,0,2,57400.0
MSI,Apple M1,M1,4,HDD,512,15.6,NVIDIA RTX 3060,Windows 10,1.2,0,1,122500.0
Microsoft,Apple M1,M1 Pro,4,SSD,1024,14.0,NVIDIA GTX 1650,Windows 10,1.8,0,2,142400.0
Lenovo,Intel Core i7,12th Gen,32,HDD,512,17.3,NVIDIA RTX 3050,macOS,2.3,1,1,86300.0
Apple,Intel Core i7,11th Gen,64,Hybrid,1024,15.6,NVIDIA RTX 3070,Windows 11,1.8,0,1,123000.0
Samsung,Intel Core i7,11th Gen,16,SSD,1024,15.6,NVIDIA RTX 3070,Windows 10,1.8,1,1,105000.0
Acer,Intel Core i9,12th Gen,8,Hybrid,512,13.3,NVIDIA GTX 1650,macOS,1.8,1,1,110200.0
Samsung,AMD Ryzen 9,Ryzen 7000,32,HDD,2048,14.0,NVIDIA RTX 4060,Windows 10,1.5,0,3,147300.0
MSI,AMD Ryzen 5,Ryzen 6000,16,SSD,2048,13.3,Integrated,Linux,1.8,0,1,50200.0
Apple,AMD Ryzen 9,Ryzen 7000,64,Hybrid,1024,14.0,NVIDIA RTX 3050,macOS,2.5,0,1,141900.0
Microsoft,Intel Core i3,12th Gen,4,SSD,2048,13.3,AMD Radeon,Windows 10,1.8,1,1,55300.0
Asus,AMD Ryzen 9,Ryzen 6000,64,SSD,1024,15.6,NVIDIA RTX 3060,macOS,1.5,0,1,140300.0
Dell,Intel Core i9,13th Gen,8,HDD,2048,13.3,NVIDIA GTX 1650,Windows 10,1.5,0,2,123700.0
Apple,Intel Core i3,11th Gen,32,Hybrid,1024,17.3,NVIDIA RTX 3050,Windows 11,2.3,0,3,72000.0
Lenovo,AMD Ryzen 9,Ryzen 6000,32,SSD,2048,14.0,NVIDIA RTX 3050,Windows 10,2.0,1,1,125800.0
Razer,Intel Core i9,14th Gen,8,SSD,256,14.0,NVIDIA RTX 4060,macOS,1.2,0,3,140800.0
Microsoft,AMD Ryzen 5,Ryzen 5000,16,Hybrid,512,15.6,NVIDIA RTX 3060,Linux,1.2,0,2,69700.0
Dell,AMD Ryzen 9,Ryzen 6000,16,SSD,256,14.0,NVIDIA RTX 3050,Linux,1.8,0,1,106200.0
Acer,Intel Core i9,13th Gen,32,SSD,512,17.3,NVIDIA RTX 4060,Linux,2.3,0,2,140600.0
Razer,Intel Core i7,13th Gen,32,SSD,512,13.3,Integrated,Windows 10,1.8,1,2,89100.0
MSI,Apple M1,M1 Pro,4,Hybrid,1024,15.6,NVIDIA RTX 4060,Windows 11,1.2,0,2,149600.0
Apple,Intel Core i7,14th Gen,16,Hybrid,512,17.3,Integrated,Windows 10,1.5,1,3,97900.0
Dell,Apple M1,M1,8,Hybrid,256,14.0,Integrated,Linux,2.0,0,1,91700.0
HP,Intel Core i5,10th Gen,16,Hybrid,256,14.0,AMD Radeon,macOS,2.3,0,3,50600.0
Asus,Intel Core i5,14th Gen,4,HDD,2048,17.3,AMD Radeon,Linux,1.5,0,2,57900.0
Asus,Intel Core i5,11th Gen,32,SSD,256,13.3,NVIDIA RTX 3050,macOS,2.0,0,1,66300.0
Microsoft,AMD Ryzen 5,Ryzen 5000,32,Hybrid,2048,13.3,NVIDIA RTX 4060,Windows 11,2.3,0,2,79700.0
Acer,Intel Core i7,11th Gen,4,SSD,512,15.6,AMD Radeon,macOS,2.3,0,1,67000.0
Microsoft,Apple M1,M1 Pro,8,SSD,256,14.0,Integrated,Windows 10,1.2,0,3,122600.0
HP,Intel Core i9,12th Gen,32,HDD,512,17.3,AMD Radeon,Windows 10,1.5,0,2,120000.0
Lenovo,Intel Core i3,13th Gen,64,Hybrid,256,13.3,NVIDIA RTX 3060,Windows 10,2.3,0,1,71000.0
Acer,Intel Core i9,13th Gen,32,Hybrid,256,15.6,NVIDIA RTX 3050,macOS,2.5,1,1,121400.0
Samsung,Intel Core i3,11th Gen,64,SSD,2048,14.0,NVIDIA RTX 4060,Windows 10,2.3,0,2,84500.0
Lenovo,AMD Ryzen 3,Ryzen 6000,4,Hybrid,512,14.0,NVIDIA RTX 4060,Windows 10,2.0,0,1,55200.0
Acer,Intel Core i9,13th Gen,4,SSD,256,15.6,NVIDIA RTX 3070,Windows 10,1.2,0,1,130500.0
Acer,AMD Ryzen 9,Ryzen 7000,32,SSD,1024,15.6,NVIDIA RTX 4060,Windows 11,1.8,1,1,137400.0
HP,AMD Ryzen 9,Ryzen 7000,16,HDD,512,13.3,NVIDIA RTX 3050,macOS,1.2,1,1,116700.0
MSI,AMD Ryzen 7,Ryzen 7000,64,HDD,512,17.3,NVIDIA RTX 3060,macOS,1.8,0,1,113400.0
HP,Intel Core i7,11th Gen,8,HDD,512,14.0,NVIDIA RTX 4060,Linux,1.5,1,1,89600.0
Acer,Intel Core i3,12th Gen,32,SSD,2048,17.3,NVIDIA RTX 3070,macOS,1.5,0,1,89600.0
Dell,Intel Core i3,10th Gen,8,Hybrid,1024,14.0,NVIDIA RTX 3050,Windows 11,2.3,0,2,45800.0
Lenovo,Intel Core i7,14th Gen,32,HDD,512,14.0,Integrated,macOS,2.5,1,2,81000.0
HP,AMD Ryzen 5,Ryzen 7000,16,Hybrid,256,17.3,NVIDIA GTX 1650,Windows 11,1.5,1,1,62400.0
MSI,AMD Ryzen 7,Ryzen 6000,16,HDD,256,15.6,NVIDIA GTX 1650,Windows 11,2.3,0,1,76000.0
Apple,AMD Ryzen 5,Ryzen 5000,16,HDD,2048,13.3,Integrated,macOS,1.2,1,2,55900.0
Microsoft,AMD Ryzen 5,Ryzen 5000,16,SSD,256,14.0,AMD Radeon,Linux,1.5,0,1,50400.0
Acer,AMD Ryzen 5,Ryzen 7000,4,HDD,512,15.6,NVIDIA RTX 4060,Windows 10,1.2,1,1,74600.0
Samsung,Intel Core i7,14th Gen,4,HDD,256,14.0,NVIDIA GTX 1650,Windows 10,1.2,0,1,74500.0
Apple,AMD Ryzen 5,Ryzen 7000,64,SSD,512,13.3,AMD Radeon,macOS,2.5,0,3,78400.0
Asus,AMD Ryzen 9,Ryzen 7000,8,Hybrid,256,14.0,NVIDIA GTX 1650,macOS,1.5,0,2,105000.0
Razer,Intel Core i5,13th Gen,32,HDD,1024,13.3,Integrated,Windows 11,1.2,0,2,66800.0
MSI,AMD Ryzen 3,Ryzen 5000,32,SSD,2048,13.3,NVIDIA RTX 4060,macOS,2.5,0,2,74900.0
Samsung,Intel Core i3,12th Gen,4,HDD,2048,14.0,NVIDIA RTX 4060,Windows 11,2.5,0,2,66400.0
Razer,Intel Core i3,12th Gen,32,SSD,1024,14.0,AMD Radeon,Linux,1.5,0,1,56100.0
MSI,AMD Ryzen 3,Ryzen 7000,4,Hybrid,1024,13.3,Integrated,macOS,2.5,0,2,34100.0
Dell,Intel Core i7,12th Gen,64,Hybrid,2048,15.6,AMD Radeon,Windows 10,1.5,0,1,96200.0
Microsoft,Intel Core i9,13th Gen,8,SSD,1024,17.3,NVIDIA RTX 4060,Windows 10,1.5,0,2,145500.0
Apple,Intel Core i7,13th Gen,64,SSD,512,13.3,NVIDIA RTX 4060,macOS,1.8,0,2,130400.0
Lenovo,Intel Core i3,12th Gen,16,SSD,256,14.0,NVIDIA RTX 3050,Windows 11,1.2,1,2,55200.0
MSI,Intel Core i3,13th Gen,16,Hybrid,2048,14.0,AMD Radeon,Windows 10,2.0,1,1,55500.0
Lenovo,AMD Ryzen 3,Ryzen 6000,16,HDD,1024,15.6,NVIDIA RTX 3050,Windows 11,1.5,1,1,46700.0
Microsoft,AMD Ryzen 5,Ryzen 6000,64,Hybrid,512,17.3,Integrated,macOS,1.2,0,2,73800.0
Acer,Intel Core i7,11th Gen,32,SSD,2048,13.3,NVIDIA RTX 3060,macOS,2.5,1,2,98900.0
Asus,Apple M1,M1,8,SSD,1024,13.3,NVIDIA GTX 1650,Windows 10,2.3,0,3,112600.0
Apple,AMD Ryzen 3,Ryzen 6000,16,Hybrid,2048,17.3,NVIDIA RTX 3050,macOS,1.5,0,1,67300.0
Microsoft,AMD Ryzen 9,Ryzen 7000,16,SSD,1024,13.3,NVIDIA GTX 1650,Linux,2.5,0,2,114800.0
Microsoft,Intel Core i3,12th Gen,16,Hybrid,2048,17.3,NVIDIA RTX 3070,Linux,2.5,1,2,84900.0
Dell,AMD Ryzen 3,Ryzen 7000,8,SSD,512,14.0,Integrated,Windows 10,2.5,0,3,36600.0
Razer,Intel Core i7,13th Gen,16,HDD,512,17.3,NVIDIA RTX 3060,Linux,2.5,0,2,102700.0
Asus,Intel Core i3,13th Gen,8,HDD,256,13.3,NVIDIA RTX 3070,Windows 11,2.5,0,2,57600.0
Apple,Intel Core i9,14th Gen,16,SSD,2048,17.3,NVIDIA RTX 3070,Windows 10,1.5,1,2,160200.0
Acer,AMD Ryzen 3,Ryzen 5000,64,Hybrid,256,15.6,NVIDIA RTX 4060,Windows 10,2.0,0,2,72700.0
Acer,AMD Ryzen 7,Ryzen 6000,64,HDD,2048,14.0,NVIDIA RTX 3070,Windows 11,1.8,0,3,115300.0
HP,Intel Core i3,12th Gen,8,Hybrid,1024,14.0,Integrated,Linux,2.5,0,1,33100.0
Microsoft,Intel Core i7,11th Gen,64,SSD,1024,17.3,NVIDIA RTX 3050,Linux,2.5,0,1,102100.0
MSI,Intel Core i5,12th Gen,8,Hybrid,256,13.3,Integrated,Linux,1.8,0,3,43900.0
Dell,Apple M1,M1 Pro,64,HDD,2048,15.6,NVIDIA RTX 3050,Windows 10,1.5,0,2,157600.0
Asus,Apple M2,M2,64,Hybrid,256,14.0,NVIDIA RTX 3070,Windows 10,1.2,1,2,175900.0
Acer,AMD Ryzen 5,Ryzen 6000,8,Hybrid,512,14.0,NVIDIA RTX 3070,Linux,2.3,0,1,74700.0
Apple,Apple M2,M2 Pro,32,SSD,256,13.3,NVIDIA RTX 3060,macOS,2.3,0,1,191800.0
HP,Intel Core i7,11th Gen,64,SSD,256,13.3,NVIDIA RTX 3050,Linux,1.2,0,2,91600.0
Apple,AMD Ryzen 9,Ryzen 6000,16,SSD,1024,15.6,NVIDIA RTX 3070,Windows 11,1.5,0,2,130400.0
Dell,AMD Ryzen 9,Ryzen 6000,32,HDD,256,17.3,NVIDIA RTX 4060,Windows 10,2.3,0,1,132700.0
MSI,Intel Core i5,10th Gen,8,HDD,2048,13.3,NVIDIA GTX 1650,Windows 11,1.8,0,1,52500.0
HP,AMD Ryzen 5,Ryzen 5000,32,SSD,1024,17.3,NVIDIA RTX 3060,Windows 11,1.2,0,3,77200.0
HP,AMD Ryzen 7,Ryzen 5000,4,SSD,256,15.6,Integrated,Windows 10,2.0,1,1,61400.0
Razer,Intel Core i5,14th Gen,4,HDD,512,17.3,NVIDIA RTX 3060,macOS,1.5,0,3,84700.0
Asus,Apple M2,M2 Max,64,HDD,256,14.0,NVIDIA GTX 1650,Linux,1.2,0,1,192700.0
HP,Intel Core i5,11th Gen,64,HDD,256,17.3,NVIDIA RTX 3050,Windows 11,2.3,1,2,84700.0
Razer,Apple M2,M2,16,HDD,256,15.6,Integrated,Windows 10,1.5,0,3,124300.0
Razer,Intel Core i3,12th Gen,32,SSD,1024,15.6,Integrated,Windows 11,1.8,1,2,58600.0
Dell,AMD Ryzen 9,Ryzen 6000,4,HDD,2048,15.6,NVIDIA RTX 3050,Linux,1.5,0,1,112800.0
Lenovo,Intel Core i3,12th Gen,64,SSD,512,17.3,AMD Radeon,macOS,1.5,0,2,62600.0
Apple,Apple M1,M1 Pro,32,Hybrid,256,14.0,AMD Radeon,macOS,1.8,1,1,138500.0
MSI,AMD Ryzen 5,Ryzen 5000,64,Hybrid,2048,13.3,NVIDIA RTX 3060,macOS,2.5,0,1,87500.0
Samsung,AMD Ryzen 7,Ryzen 7000,64,HDD,2048,14.0,NVIDIA RTX 3070,Windows 10,1.8,0,3,125400.0
Apple,Apple M2,M2 Pro,4,Hybrid,1024,17.3,AMD Radeon,Windows 10,1.5,1,2,170800.0
HP,AMD Ryzen 7,Ryzen 6000,4,Hybrid,512,17.3,NVIDIA RTX 3060,macOS,1.8,0,2,94000.0
MSI,Apple M2,M2 Pro,64,Hybrid,1024,13.3,AMD Radeon,Linux,2.5,0,1,178400.0
Acer,Intel Core i7,14th Gen,8,HDD,2048,17.3,NVIDIA GTX 1650,Linux,1.2,0,1,86000.0
Lenovo,Intel Core i5,12th Gen,64,HDD,2048,15.6,NVIDIA RTX 4060,Windows 10,1.8,1,1,100300.0
Acer,Apple M1,M1,64,Hybrid,2048,15.6,NVIDIA RTX 3070,macOS,1.8,1,2,153200.0
Acer,AMD Ryzen 9,Ryzen 7000,16,SSD,1024,15.6,NVIDIA RTX 3060,Linux,1.5,0,2,120600.0
Asus,Apple M2,M2 Max,16,Hybrid,512,15.6,NVIDIA RTX 4060,Linux,1.2,0,2,196900.0
Apple,AMD Ryzen 7,Ryzen 7000,16,HDD,256,15.6,NVIDIA RTX 4060,Linux,2.0,1,3,107900.0
Samsung,Apple M1,M1,8,HDD,1024,17.3,AMD Radeon,Windows 10,2.0,0,1,101300.0
Dell,Intel Core i9,12th Gen,8,HDD,2048,13.3,NVIDIA RTX 3050,macOS,2.3,0,1,119800.0
Samsung,Intel Core i9,12th Gen,64,Hybrid,1024,13.3,NVIDIA GTX 1650,Windows 11,1.8,1,1,138700.0
Acer,Intel Core i3,11th Gen,16,SSD,2048,15.6,NVIDIA GTX 1650,macOS,1.8,1,1,52700.0
HP,AMD Ryzen 9,Ryzen 6000,8,HDD,256,17.3,NVIDIA GTX 1650,macOS,1.2,1,1,106800.0
Lenovo,Intel Core i7,13th Gen,4,HDD,256,14.0,NVIDIA RTX 3070,Windows 10,2.5,0,3,91000.0
Microsoft,AMD Ryzen 7,Ryzen 5000,64,Hybrid,512,14.0,Integrated,Linux,2.0,0,1,84000.0
Samsung,Intel Core i5,13th Gen,32,SSD,2048,17.3,NVIDIA RTX 3070,Linux,2.3,0,3,101800.0
Acer,Intel Core i5,12th Gen,64,Hybrid,512,15.6,NVIDIA RTX 3060,Windows 10,1.2,0,1,88200.0
Lenovo,AMD Ryzen 7,Ryzen 7000,32,HDD,512,13.3,NVIDIA RTX 4060,Windows 10,1.8,0,3,101200.0
MSI,AMD Ryzen 5,Ryzen 5000,16,SSD,256,17.3,NVIDIA RTX 4060,Windows 10,2.0,1,2,90100.0
Apple,Intel Core i7,11th Gen,32,SSD,1024,14.0,Integrated,Windows 10,2.3,0,3,83400.0
Razer,Apple M1,M1 Max,16,HDD,1024,14.0,NVIDIA RTX 3060,Windows 10,1.5,1,1,156500.0
Asus,Apple M2,M2,4,SSD,512,14.0,Integrated,Windows 11,2.0,0,2,114500.0
Lenovo,AMD Ryzen 5,Ryzen 6000,32,SSD,256,15.6,NVIDIA RTX 4060,macOS,2.3,0,3,80300.0
HP,Apple M2,M2 Pro,64,Hybrid,2048,14.0,AMD Radeon,macOS,1.2,0,1,182000.0
HP,Apple M2,M2,16,HDD,1024,17.3,NVIDIA RTX 3070,macOS,1.5,0,1,157600.0
Lenovo,AMD Ryzen 5,Ryzen 6000,64,HDD,512,17.3,NVIDIA GTX 1650,Linux,2.3,0,1,73400.0
HP,Intel Core i3,10th Gen,8,HDD,1024,14.0,NVIDIA RTX 4060,Windows 11,2.3,1,3,66800.0
Apple,Intel Core i9,14th Gen,16,HDD,1024,17.3,NVIDIA RTX 3050,macOS,1.8,1,2,136300.0
HP,Apple M2,M2 Max,32,HDD,2048,14.0,NVIDIA GTX 1650,Linux,2.5,0,2,193000.0
Samsung,AMD Ryzen 5,Ryzen 6000,16,SSD,256,14.0,NVIDIA RTX 4060,Windows 11,2.0,0,1,70000.0
Razer,AMD Ryzen 5,Ryzen 5000,64,Hybrid,2048,13.3,NVIDIA RTX 3070,Windows 11,1.8,1,1,111000.0
HP,AMD Ryzen 3,Ryzen 5000,4,HDD,256,15.6,Integrated,Linux,1.5,0,3,28000.0
Razer,Intel Core i3,11th Gen,16,Hybrid,1024,15.6,AMD Radeon,Windows 11,2.5,0,1,48900.0
Acer,AMD Ryzen 9,Ryzen 6000,32,Hybrid,512,13.3,AMD Radeon,Linux,2.3,0,2,105500.0
Dell,AMD Ryzen 3,Ryzen 6000,8,SSD,2048,13.3,NVIDIA GTX 1650,macOS,1.8,1,3,47500.0
Apple,AMD Ryzen 3,Ryzen 7000,4,HDD,256,15.6,NVIDIA RTX 3070,Linux,2.5,0,1,64600.0
Dell,AMD Ryzen 7,Ryzen 5000,8,SSD,1024,14.0,AMD Radeon,Windows 11,2.0,0,2,72200.0
Acer,Intel Core i9,14th Gen,16,HDD,256,14.0,AMD Radeon,macOS,1.5,1,1,112100.0
Apple,AMD Ryzen 5,Ryzen 6000,64,SSD,256,15.6,NVIDIA RTX 3060,macOS,1.2,0,2,92700.0
Lenovo,Intel Core i9,12th Gen,64,Hybrid,256,14.0,NVIDIA RTX 3050,Windows 10,1.8,0,1,140900.0
Lenovo,Intel Core i7,12th Gen,32,HDD,1024,13.3,NVIDIA GTX 1650,Windows 10,1.5,0,2,80600.0
Razer,AMD Ryzen 7,Ryzen 6000,64,Hybrid,512,14.0,Integrated,Windows 11,1.2,1,1,102400.0
Acer,AMD Ryzen 9,Ryzen 6000,4,Hybrid,512,14.0,AMD Radeon,Linux,1.8,0,1,90500.0
Razer,Intel Core i9,13th Gen,64,SSD,512,17.3,NVIDIA RTX 3060,Linux,1.5,1,2,174000.0
Asus,Intel Core i5,14th Gen,32,HDD,256,17.3,NVIDIA RTX 3070,Windows 11,1.5,0,1,96600.0
HP,Apple M2,M2 Max,16,Hybrid,1024,17.3,AMD Radeon,macOS,2.5,0,2,195300.0
Microsoft,Intel Core i7,11th Gen,16,SSD,256,14.0,NVIDIA RTX 3050,Windows 11,1.8,1,1,82500.0
Asus,Intel Core i3,12th Gen,64,HDD,512,15.6,Integrated,Windows 11,1.5,0,2,51100.0
HP,AMD Ryzen 9,Ryzen 7000,8,HDD,512,13.3,NVIDIA RTX 3070,macOS,2.3,0,1,122300.0
Apple,Intel Core i7,14th Gen,16,Hybrid,1024,14.0,NVIDIA RTX 3070,Linux,1.8,0,2,118300.0
Razer,Apple M2,M2 Pro,64,HDD,256,15.6,NVIDIA GTX 1650,Windows 11,1.5,0,1,172700.0
Apple,AMD Ryzen 7,Ryzen 7000,32,Hybrid,2048,14.0,AMD Radeon,Linux,2.5,0,1,87400.0
Apple,Apple M2,M2 Max,64,HDD,2048,13.3,NVIDIA GTX 1650,Windows 11,1.2,0,1,198800.0
HP,AMD Ryzen 3,Ryzen 5000,16,SSD,512,14.0,Integrated,macOS,1.2,0,2,31100.0
Acer,Apple M2,M2 Pro,32,Hybrid,1024,13.3,AMD Radeon,macOS,2.3,1,1,153500.0
HP,AMD Ryzen 3,Ryzen 7000,64,Hybrid,256,14.0,NVIDIA RTX 4060,Windows 10,1.8,0,3,87100.0
MSI,AMD Ryzen 7,Ryzen 6000,4,HDD,256,13.3,AMD Radeon,macOS,2.5,1,3,68600.0
Lenovo,Apple M1,M1 Max,32,HDD,512,14.0,NVIDIA RTX 4060,Windows 10,1.5,0,1,179900.0
Lenovo,AMD Ryzen 3,Ryzen 7000,4,Hybrid,512,13.3,NVIDIA RTX 3070,Windows 11,1.5,0,2,58900.0
Asus,Intel Core i3,11th Gen,8,HDD,256,17.3,NVIDIA GTX 1650,Linux,1.2,0,1,40000.0
Lenovo,Apple M2,M2 Max,32,SSD,256,14.0,NVIDIA RTX 3050,macOS,2.5,0,1,189000.0
HP,Apple M2,M2 Pro,4,HDD,512,14.0,AMD Radeon,macOS,2.3,0,2,151900.0
Samsung,Intel Core i3,12th Gen,16,SSD,256,15.6,NVIDIA RTX 3050,macOS,1.2,1,2,57100.0
Razer,Intel Core i5,10th Gen,16,SSD,2048,15.6,AMD Radeon,Windows 11,1.2,1,2,72000.0
HP,AMD Ryzen 5,Ryzen 6000,8,SSD,512,13.3,NVIDIA RTX 3070,Windows 10,2.3,1,1,74700.0
HP,Apple M1,M1 Max,32,SSD,256,14.0,NVIDIA GTX 1650,Windows 11,1.8,0,1,156900.0
Microsoft,AMD Ryzen 9,Ryzen 7000,32,SSD,512,13.3,Integrated,Linux,1.5,1,1,116800.0
Razer,AMD Ryzen 3,Ryzen 7000,32,HDD,1024,17.3,Integrated,Windows 11,1.8,0,2,57100.0
MSI,Intel Core i3,13th Gen,8,SSD,512,15.6,Integrated,Linux,2.5,0,2,38200.0
Lenovo,AMD Ryzen 7,Ryzen 5000,32,HDD,512,13.3,AMD Radeon,macOS,2.0,1,2,73300.0
Razer,AMD Ryzen 3,Ryzen 6000,16,SSD,1024,13.3,AMD Radeon,Linux,2.0,0,1,52500.0
Lenovo,AMD Ryzen 5,Ryzen 7000,4,Hybrid,2048,15.6,NVIDIA RTX 3050,Linux,2.0,0,1,58800.0
Asus,AMD Ryzen 7,Ryzen 5000,16,SSD,256,14.0,NVIDIA GTX 1650,Windows 10,2.3,0,1,71100.0
Razer,Intel Core i7,13th Gen,16,Hybrid,1024,13.3,AMD Radeon,Linux,1.2,0,1,83600.0
Lenovo,Apple M2,M2 Pro,4,SSD,512,15.6,NVIDIA GTX 1650,Linux,1.8,1,1,169200.0
MSI,Intel Core i7,13th Gen,16,SSD,256,14.0,NVIDIA RTX 3050,Windows 11,1.5,0,3,88200.0
Dell,AMD Ryzen 3,Ryzen 7000,8,SSD,1024,17.3,AMD Radeon,macOS,2.0,1,3,51700.0
Apple,AMD Ryzen 5,Ryzen 7000,4,Hybrid,256,15.6,Integrated,Windows 11,1.8,0,2,48600.0
Apple,Apple M1,M1 Max,16,Hybrid,256,13.3,Integrated,Windows 11,2.0,0,1,143600.0
MSI,AMD Ryzen 3,Ryzen 5000,64,SSD,1024,17.3,NVIDIA RTX 3070,macOS,2.0,0,1,92300.0
Microsoft,Intel Core i3,13th Gen,16,HDD,256,14.0,NVIDIA RTX 4060,macOS,1.5,0,3,74700.0
Dell,Intel Core i9,12th Gen,8,SSD,2048,14.0,NVIDIA RTX 3060,Linux,2.5,0,1,130500.0
Asus,AMD Ryzen 3,Ryzen 6000,32,Hybrid,1024,15.6,NVIDIA RTX 4060,Linux,2.5,1,3,76400.0
MSI,Apple M2,M2,16,SSD,2048,15.6,AMD Radeon,Windows 10,2.5,1,1,135200.0
Apple,Apple M2,M2,32,Hybrid,512,15.6,NVIDIA GTX 1650,Windows 11,2.3,1,1,157700.0
Apple,AMD Ryzen 3,Ryzen 6000,64,Hybrid,256,14.0,AMD Radeon,macOS,1.2,1,3,76400.0
Apple,AMD Ryzen 7,Ryzen 5000,16,Hybrid,512,17.3,NVIDIA GTX 1650,Linux,2.3,1,1,92200.0
Acer,Intel Core i9,12th Gen,4,SSD,512,14.0,NVIDIA GTX 1650,macOS,1.8,0,2,112300.0
MSI,Intel Core i3,11th Gen,32,Hybrid,256,13.3,NVIDIA RTX 4060,Linux,2.3,1,2,70900.0
HP,AMD Ryzen 3,Ryzen 6000,64,Hybrid,1024,14.0,NVIDIA RTX 3060,Windows 10,1.8,0,1,75600.0
Asus,AMD Ryzen 7,Ryzen 6000,4,SSD,256,13.3,NVIDIA RTX 3070,Windows 10,1.8,0,1,85400.0
Apple,Apple M2,M2 Max,4,Hybrid,512,17.3,NVIDIA RTX 4060,macOS,1.2,0,2,201400.0
Lenovo,Apple M2,M2 Max,4,SSD,512,15.6,NVIDIA RTX 3060,Windows 10,1.5,0,2,181000.0
MSI,AMD Ryzen 5,Ryzen 6000,4,Hybrid,1024,15.6,Integrated,macOS,1.2,0,1,44100.0
Acer,AMD Ryzen 3,Ryzen 6000,16,HDD,256,14.0,Integrated,Linux,2.5,1,3,32300.0
MSI,Intel Core i9,13th Gen,16,HDD,512,15.6,NVIDIA GTX 1650,Windows 11,2.5,0,1,114400.0
Asus,Intel Core i5,12th Gen,16,Hybrid,2048,17.3,NVIDIA RTX 3050,Windows 10,2.3,0,1,71500.0
Acer,Intel Core i9,14th Gen,64,HDD,512,15.6,AMD Radeon,Linux,1.8,0,1,134000.0
Asus,Apple M2,M2,64,SSD,512,14.0,AMD Radeon,Windows 11,2.0,0,1,141500.0
MSI,Apple M2,M2,64,HDD,1024,17.3,NVIDIA GTX 1650,Windows 11,2.0,0,1,162800.0
HP,Intel Core i7,12th Gen,8,Hybrid,2048,13.3,NVIDIA RTX 3050,Windows 11,1.8,0,3,87700.0
Asus,Apple M2,M2 Max,64,Hybrid,512,14.0,NVIDIA RTX 3060,Linux,1.2,0,1,205200.0
Acer,Intel Core i3,12th Gen,16,SSD,512,13.3,Integrated,Linux,1.5,0,1,32100.0
Acer,AMD Ryzen 9,Ryzen 6000,16,Hybrid,2048,17.3,AMD Radeon,macOS,1.2,1,1,114400.0
Asus,AMD Ryzen 3,Ryzen 6000,8,SSD,256,14.0,NVIDIA RTX 4060,Windows 11,1.8,1,2,61300.0
Samsung,Intel Core i9,12th Gen,8,HDD,256,14.0,NVIDIA RTX 3050,Windows 11,1.8,0,3,115700.0
MSI,AMD Ryzen 9,Ryzen 7000,64,HDD,512,17.3,NVIDIA RTX 3060,Windows 11,1.5,0,1,145900.0
Samsung,AMD Ryzen 7,Ryzen 5000,32,SSD,512,15.6,Integrated,macOS,2.3,0,1,69900.0
Microsoft,Intel Core i5,14th Gen,8,SSD,256,14.0,NVIDIA RTX 4060,Windows 11,2.3,1,1,82100.0
MSI,Intel Core i3,11th Gen,4,Hybrid,1024,14.0,NVIDIA RTX 3050,Linux,1.5,0,1,45000.0
Asus,Intel Core i9,12th Gen,16,HDD,2048,13.3,NVIDIA GTX 1650,Windows 11,2.3,0,1,115800.0
Dell,AMD Ryzen 9,Ryzen 7000,4,SSD,2048,15.6,NVIDIA GTX 1650,Windows 10,2.0,1,1,114700.0
Asus,Intel Core i5,10th Gen,16,HDD,1024,13.3,NVIDIA GTX 1650,Linux,2.3,0,1,51800.0
Samsung,Intel Core i7,14th Gen,16,SSD,1024,13.3,AMD Radeon,macOS,2.3,0,2,81400.0
HP,Intel Core i3,13th Gen,8,HDD,1024,15.6,NVIDIA RTX 3060,Windows 11,2.3,0,1,54700.0
Asus,Intel Core i3,13th Gen,8,Hybrid,1024,15.6,NVIDIA GTX 1650,Windows 10,2.0,1,3,53200.0
Asus,Intel Core i7,13th Gen,4,HDD,1024,17.3,AMD Radeon,macOS,2.3,1,3,87600.0
HP,AMD Ryzen 3,Ryzen 5000,16,HDD,1024,15.6,NVIDIA RTX 3070,macOS,2.5,1,2,72200.0
Asus,Intel Core i7,12th Gen,4,HDD,2048,14.0,AMD Radeon,Linux,2.0,0,1,75200.0
Apple,Intel Core i3,11th Gen,32,HDD,1024,15.6,Integrated,macOS,1.5,0,1,47700.0
Dell,Intel Core i3,10th Gen,4,HDD,256,17.3,AMD Radeon,macOS,1.2,1,1,40500.0
Lenovo,AMD Ryzen 9,Ryzen 6000,64,Hybrid,1024,17.3,NVIDIA RTX 3060,macOS,1.5,1,2,152500.0
Dell,Apple M2,M2 Max,4,SSD,1024,17.3,NVIDIA RTX 4060,macOS,1.2,0,1,207600.0
Asus,Intel Core i5,13th Gen,64,HDD,2048,15.6,AMD Radeon,Windows 11,1.5,1,3,93100.0
Apple,Intel Core i7,11th Gen,64,Hybrid,2048,15.6,NVIDIA GTX 1650,Windows 11,2.5,0,3,97900.0
MSI,Intel Core i5,10th Gen,64,HDD,1024,13.3,Integrated,Windows 11,1.2,0,1,62400.0
Asus,Intel Core i7,12th Gen,32,HDD,2048,13.3,NVIDIA RTX 3050,Windows 11,1.2,0,2,95700.0
Samsung,AMD Ryzen 7,Ryzen 5000,4,SSD,512,14.0,NVIDIA GTX 1650,Windows 10,1.8,0,1,72600.0
Apple,Intel Core i3,12th Gen,4,HDD,2048,13.3,Integrated,Windows 11,1.2,1,1,47900.0
HP,Apple M2,M2,32,Hybrid,2048,14.0,NVIDIA RTX 3070,macOS,1.2,0,1,162800.0
Apple,AMD Ryzen 9,Ryzen 7000,16,Hybrid,2048,17.3,NVIDIA RTX 3050,Windows 11,1.8,0,1,129400.0
HP,Apple M2,M2 Pro,8,SSD,2048,13.3,NVIDIA RTX 3070,Windows 11,2.3,1,3,185500.0
Microsoft,Apple M2,M2 Pro,4,HDD,256,15.6,NVIDIA RTX 4060,Linux,2.3,1,1,178600.0
Lenovo,Apple M2,M2 Pro,8,Hybrid,256,13.3,Integrated,macOS,1.8,0,1,147500.0
Razer,Intel Core i5,14th Gen,32,HDD,256,14.0,NVIDIA RTX 3070,Windows 11,2.0,0,2,103400.0
Apple,Intel Core i7,11th Gen,16,HDD,1024,13.3,NVIDIA RTX 4060,Windows 11,1.2,0,2,100000.0
Acer,Apple M1,M1,16,HDD,1024,17.3,Integrated,Windows 11,1.2,0,1,102700.0
Samsung,AMD Ryzen 7,Ryzen 5000,16,SSD,512,15.6,Integrated,Windows 10,1.8,1,3,70900.0
Asus,Intel Core i9,13th Gen,32,HDD,256,14.0,NVIDIA RTX 3070,Windows 11,1.8,1,2,144100.0
Samsung,Apple M2,M2 Max,64,Hybrid,1024,15.6,Integrated,Linux,2.0,0,1,204600.0
Dell,AMD Ryzen 3,Ryzen 5000,64,HDD,2048,15.6,NVIDIA GTX 1650,macOS,2.5,0,1,66400.0
Razer,Intel Core i5,10th Gen,8,Hybrid,2048,14.0,Integrated,macOS,2.3,0,1,53000.0
Dell,AMD Ryzen 9,Ryzen 6000,64,HDD,256,15.6,NVIDIA RTX 3060,Windows 11,1.5,1,3,143800.0
Microsoft,Intel Core i9,14th Gen,64,Hybrid,512,15.6,NVIDIA RTX 4060,Windows 11,2.5,0,2,159300.0
Razer,Apple M1,M1 Pro,16,Hybrid,512,13.3,Integrated,Windows 11,2.3,0,3,133700.0
Razer,AMD Ryzen 3,Ryzen 5000,16,HDD,2048,15.6,NVIDIA RTX 3060,macOS,1.2,0,1,64200.0
Dell,Apple M1,M1,8,HDD,512,15.6,Integrated,macOS,2.5,0,1,86300.0
HP,Intel Core i9,12th Gen,4,Hybrid,256,15.6,Integrated,Windows 10,1.8,0,1,100800.0
Dell,Apple M2,M2 Max,8,SSD,2048,15.6,NVIDIA RTX 3070,Linux,2.0,0,1,206500.0
Samsung,AMD Ryzen 3,Ryzen 6000,8,HDD,1024,14.0,NVIDIA GTX 1650,Windows 10,2.3,1,2,46600.0
HP,Apple M1,M1 Max,32,SSD,1024,17.3,NVIDIA RTX 4060,Linux,2.0,1,2,196000.0
Samsung,AMD Ryzen 9,Ryzen 7000,32,HDD,512,13.3,NVIDIA GTX 1650,Windows 10,2.3,1,1,119800.0
Microsoft,Intel Core i7,13th Gen,8,HDD,2048,15.6,NVIDIA RTX 3050,macOS,2.5,0,1,90600.0
Asus,Intel Core i3,11th Gen,8,HDD,2048,15.6,NVIDIA RTX 3070,Windows 10,1.2,0,1,59800.0
MSI,Intel Core i7,14th Gen,8,HDD,1024,14.0,NVIDIA RTX 3070,Linux,1.5,0,1,104800.0
HP,Intel Core i9,14th Gen,64,SSD,2048,17.3,NVIDIA GTX 1650,Windows 11,2.0,0,1,137100.0
Microsoft,Intel Core i5,14th Gen,32,HDD,2048,15.6,AMD Radeon,Linux,2.0,1,1,79000.0
Acer,Intel Core i3,11th Gen,8,Hybrid,2048,14.0,NVIDIA RTX 3070,Windows 11,1.5,0,1,66300.0
Microsoft,AMD Ryzen 7,Ryzen 5000,16,Hybrid,512,13.3,NVIDIA GTX 1650,macOS,2.0,0,1,70100.0
Dell,AMD Ryzen 9,Ryzen 6000,16,SSD,2048,13.3,NVIDIA RTX 3070,Linux,2.0,1,1,140000.0
Dell,AMD Ryzen 7,Ryzen 7000,64,HDD,256,15.6,Integrated,Windows 10,2.3,1,1,90100.0
MSI,AMD Ryzen 3,Ryzen 5000,64,Hybrid,512,15.6,NVIDIA GTX 1650,Linux,2.3,0,2,61800.0
Microsoft,Intel Core i3,12th Gen,4,SSD,2048,17.3,NVIDIA GTX 1650,Windows 11,1.5,0,1,56900.0
Lenovo,AMD Ryzen 7,Ryzen 6000,4,HDD,2048,17.3,NVIDIA RTX 3060,macOS,1.2,0,3,81200.0
Asus,AMD Ryzen 7,Ryzen 5000,4,Hybrid,256,15.6,NVIDIA RTX 3070,Windows 10,2.5,0,1,90700.0
Dell,Apple M1,M1 Max,64,Hybrid,512,14.0,NVIDIA RTX 3070,Linux,2.5,0,1,194600.0
MSI,Intel Core i7,11th Gen,64,SSD,1024,17.3,NVIDIA GTX 1650,Windows 11,2.0,0,1,103800.0
Asus,Apple M1,M1 Pro,64,HDD,1024,15.6,Integrated,Windows 10,1.2,1,1,148500.0
Microsoft,Intel Core i3,11th Gen,16,HDD,512,17.3,Integrated,macOS,1.5,0,3,45700.0
Microsoft,Intel Core i3,12th Gen,64,Hybrid,2048,15.6,NVIDIA RTX 4060,Windows 10,1.5,0,1,92700.0
Razer,Intel Core i9,13th Gen,16,Hybrid,2048,13.3,Integrated,macOS,2.3,0,3,129500.0
MSI,Apple M1,M1,4,Hybrid,1024,15.6,NVIDIA RTX 3070,Windows 10,2.0,0,3,125100.0
Dell,AMD Ryzen 5,Ryzen 6000,4,HDD,1024,13.3,AMD Radeon,Linux,1.8,1,2,50700.0
Lenovo,Intel Core i7,11th Gen,4,SSD,1024,17.3,NVIDIA RTX 3060,Windows 11,1.5,0,2,89900.0
Microsoft,Intel Core i3,10th Gen,8,SSD,256,15.6,NVIDIA GTX 1650,Linux,2.0,0,2,41200.0
Lenovo,Intel Core i9,13th Gen,8,HDD,1024,17.3,NVIDIA RTX 3050,Linux,1.2,0,1,112100.0
Microsoft,Apple M1,M1 Max,32,SSD,256,13.3,NVIDIA RTX 3060,macOS,2.3,1,2,185500.0
Dell,Intel Core i7,14th Gen,32,Hybrid,512,15.6,AMD Radeon,macOS,2.5,0,1,85500.0
Asus,Apple M1,M1 Pro,32,SSD,2048,17.3,NVIDIA RTX 3050,macOS,1.2,1,1,165000.0
Apple,AMD Ryzen 7,Ryzen 5000,8,SSD,1024,13.3,NVIDIA RTX 3060,Linux,1.5,0,1,93700.0
Asus,Intel Core i9,12th Gen,8,SSD,2048,17.3,Integrated,Windows 10,1.5,0,2,110000.0
Microsoft,Intel Core i7,12th Gen,32,Hybrid,2048,14.0,NVIDIA RTX 3070,Windows 10,1.2,0,3,124200.0
Samsung,Apple M2,M2 Max,32,HDD,1024,13.3,AMD Radeon,Linux,1.5,1,1,201800.0
Apple,AMD Ryzen 3,Ryzen 7000,64,Hybrid,1024,13.3,NVIDIA RTX 3050,Linux,2.0,1,3,82500.0
Apple,AMD Ryzen 3,Ryzen 5000,32,HDD,512,13.3,AMD Radeon,Windows 11,1.5,0,1,46200.0
Lenovo,Intel Core i7,11th Gen,64,HDD,256,15.6,NVIDIA RTX 3060,macOS,2.3,0,1,97600.0
MSI,Apple M1,M1 Max,16,HDD,256,15.6,NVIDIA RTX 3070,macOS,2.0,0,1,185600.0
Lenovo,Intel Core i9,13th Gen,8,SSD,2048,15.6,AMD Radeon,Linux,1.8,0,1,107100.0
Lenovo,AMD Ryzen 3,Ryzen 5000,32,SSD,1024,14.0,NVIDIA RTX 3050,Linux,1.5,0,1,54200.0
Samsung,Intel Core i9,12th Gen,8,HDD,512,14.0,NVIDIA GTX 1650,Windows 10,1.5,1,2,114200.0
Asus,AMD Ryzen 3,Ryzen 7000,8,HDD,512,13.3,NVIDIA RTX 3060,Linux,2.3,1,3,54000.0
Asus,AMD Ryzen 7,Ryzen 6000,8,SSD,512,14.0,NVIDIA GTX 1650,Windows 10,2.3,0,1,66100.0
Acer,Apple M1,M1 Max,16,Hybrid,512,17.3,Integrated,Linux,2.5,0,1,144900.0
Microsoft,AMD Ryzen 7,Ryzen 6000,4,HDD,512,13.3,NVIDIA GTX 1650,Windows 11,1.2,1,3,74000.0
Samsung,AMD Ryzen 3,Ryzen 6000,32,Hybrid,256,13.3,NVIDIA GTX 1650,Windows 11,1.2,1,2,52700.0
Acer,Apple M2,M2 Pro,4,SSD,256,17.3,NVIDIA RTX 4060,Windows 10,1.2,0,1,184600.0
Dell,Apple M2,M2,4,HDD,256,13.3,NVIDIA RTX 3060,macOS,2.3,0,1,131400.0
Microsoft,AMD Ryzen 7,Ryzen 7000,4,Hybrid,1024,14.0,Integrated,Windows 11,1.2,0,3,76000.0
Microsoft,Apple M2,M2 Max,8,Hybrid,2048,15.6,NVIDIA GTX 1650,Windows 10,1.2,0,2,184500.0
Razer,AMD Ryzen 3,Ryzen 6000,64,Hybrid,512,17.3,NVIDIA RTX 3070,Linux,1.8,0,1,92400.0
Razer,Intel Core i7,11th Gen,8,SSD,1024,14.0,NVIDIA RTX 3050,Linux,1.2,0,1,85800.0
HP,AMD Ryzen 7,Ryzen 5000,8,SSD,512,17.3,NVIDIA GTX 1650,Windows 10,1.5,0,3,77300.0
HP,Intel Core i5,10th Gen,4,Hybrid,256,17.3,Integrated,macOS,2.5,0,1,45400.0
Lenovo,Apple M1,M1,8,Hybrid,1024,13.3,NVIDIA GTX 1650,Windows 10,2.3,0,3,99900.0
Dell,Apple M2,M2 Pro,4,SSD,256,13.3,NVIDIA RTX 3050,Windows 10,2.0,0,1,158200.0
Apple,Apple M2,M2,64,Hybrid,512,14.0,Integrated,Windows 11,2.5,1,2,147600.0
Apple,Intel Core i3,11th Gen,32,Hybrid,512,17.3,NVIDIA RTX 3060,Windows 10,1.8,1,1,76900.0
Razer,AMD Ryzen 5,Ryzen 7000,4,SSD,2048,13.3,Integrated,Windows 10,2.3,0,1,52600.0
Razer,AMD Ryzen 7,Ryzen 5000,64,Hybrid,512,13.3,NVIDIA RTX 3060,Linux,2.3,0,3,117400.0
Razer,AMD Ryzen 9,Ryzen 7000,32,Hybrid,256,17.3,Integrated,Windows 11,1.5,1,1,122900.0
Samsung,Apple M2,M2 Max,16,Hybrid,512,14.0,AMD Radeon,Linux,2.5,0,2,190600.0
MSI,Apple M1,M1 Max,4,SSD,2048,14.0,NVIDIA RTX 3050,Linux,2.5,0,1,164500.0
HP,Intel Core i5,13th Gen,4,Hybrid,2048,17.3,NVIDIA RTX 3050,macOS,1.2,0,1,63600.0
Samsung,Apple M2,M2,16,SSD,256,14.0,Integrated,macOS,1.5,0,1,125500.0
Asus,Intel Core i5,10th Gen,16,SSD,1024,13.3,AMD Radeon,Windows 11,1.2,0,2,47100.0
Apple,AMD Ryzen 3,Ryzen 7000,4,HDD,512,17.3,NVIDIA GTX 1650,Windows 11,1.2,1,1,50800.0
Microsoft,AMD Ryzen 3,Ryzen 5000,16,HDD,2048,13.3,NVIDIA RTX 3050,macOS,2.3,0,1,49300.0
HP,AMD Ryzen 5,Ryzen 6000,8,Hybrid,512,15.6,NVIDIA RTX 3060,macOS,2.5,0,1,59800.0
Acer,Intel Core i7,14th Gen,32,SSD,512,15.6,NVIDIA RTX 3060,macOS,1.2,1,2,110400.0
Asus,AMD Ryzen 9,Ryzen 7000,32,HDD,1024,14.0,NVIDIA RTX 3070,macOS,1.8,0,2,137700.0
HP,Intel Core i3,10th Gen,32,Hybrid,2048,15.6,NVIDIA RTX 4060,macOS,1.8,0,1,72500.0
Samsung,AMD Ryzen 5,Ryzen 7000,8,HDD,512,13.3,AMD Radeon,Linux,2.5,0,1,45400.0
Dell,Intel Core i9,12th Gen,16,HDD,2048,15.6,NVIDIA RTX 4060,Windows 11,1.8,0,3,140000.0
Microsoft,Intel Core i3,10th Gen,64,SSD,256,13.3,NVIDIA RTX 4060,Linux,2.3,0,1,80900.0
HP,AMD Ryzen 7,Ryzen 7000,16,SSD,256,14.0,NVIDIA RTX 3060,Linux,1.5,0,3,92700.0
MSI,Apple M1,M1 Max,4,HDD,512,14.0,NVIDIA RTX 3070,Windows 10,2.0,0,3,171600.0
Razer,Intel Core i9,13th Gen,32,HDD,2048,13.3,NVIDIA RTX 4060,Linux,1.2,0,2,150800.0
Razer,Intel Core i9,14th Gen,16,SSD,512,15.6,NVIDIA RTX 4060,macOS,2.0,0,1,145000.0
Microsoft,AMD Ryzen 5,Ryzen 6000,64,Hybrid,2048,14.0,Integrated,macOS,1.5,0,3,70900.0
Samsung,Intel Core i7,14th Gen,4,SSD,2048,17.3,Integrated,Windows 10,1.5,0,2,80600.0
Razer,AMD Ryzen 5,Ryzen 7000,8,HDD,1024,14.0,Integrated,Windows 10,2.3,0,2,53200.0
HP,AMD Ryzen 7,Ryzen 5000,8,Hybrid,1024,15.6,NVIDIA GTX 1650,Windows 10,1.8,0,1,71600.0
Acer,Apple M2,M2 Pro,64,HDD,1024,17.3,NVIDIA RTX 4060,Windows 10,1.8,1,1,202600.0
Apple,Apple M2,M2 Pro,4,Hybrid,512,15.6,NVIDIA GTX 1650,Windows 10,1.5,0,1,167900.0
Apple,Intel Core i7,12th Gen,32,HDD,1024,13.3,NVIDIA RTX 3070,Linux,2.3,0,2,112900.0
Asus,AMD Ryzen 7,Ryzen 5000,16,Hybrid,1024,17.3,AMD Radeon,Windows 10,2.3,1,2,78900.0
Lenovo,Intel Core i7,14th Gen,4,Hybrid,256,15.6,NVIDIA RTX 3060,Linux,2.5,0,1,85100.0
Dell,Intel Core i5,14th Gen,8,HDD,2048,17.3,NVIDIA RTX 4060,Windows 11,1.2,0,1,86400.0
Microsoft,Apple M2,M2,64,Hybrid,2048,15.6,NVIDIA RTX 3060,Windows 10,1.8,1,1,162500.0
Asus,Intel Core i9,12th Gen,64,SSD,1024,17.3,AMD Radeon,Windows 10,1.5,1,2,139300.0
Lenovo,AMD Ryzen 9,Ryzen 6000,16,HDD,2048,15.6,Integrated,Linux,2.5,0,3,99400.0
Samsung,Apple M1,M1 Pro,64,SSD,256,13.3,NVIDIA RTX 4060,Windows 11,2.0,0,1,168100.0
MSI,AMD Ryzen 7,Ryzen 5000,64,HDD,256,17.3,NVIDIA RTX 3050,Linux,1.8,0,1,102500.0
MSI,Intel Core i3,13th Gen,4,Hybrid,1024,17.3,NVIDIA GTX 1650,Linux,1.2,1,1,55600.0
Dell,Intel Core i7,12th Gen,32,Hybrid,256,17.3,NVIDIA GTX 1650,Windows 10,2.3,0,2,78900.0
Razer,Apple M1,M1,16,Hybrid,2048,17.3,NVIDIA RTX 4060,macOS,1.5,0,2,138400.0
HP,Intel Core i3,12th Gen,4,HDD,512,13.3,AMD Radeon,macOS,1.8,1,3,38500.0
Asus,Apple M1,M1 Pro,32,SSD,2048,17.3,Integrated,Linux,2.0,0,1,133900.0
Asus,AMD Ryzen 9,Ryzen 6000,4,SSD,512,14.0,NVIDIA GTX 1650,Windows 10,1.2,1,3,110900.0
Microsoft,Intel Core i3,13th Gen,4,HDD,1024,13.3,Integrated,Windows 11,1.2,0,1,33300.0
Microsoft,AMD Ryzen 5,Ryzen 6000,64,HDD,512,14.0,NVIDIA RTX 3070,macOS,2.5,0,2,105500.0
MSI,AMD Ryzen 3,Ryzen 7000,32,SSD,256,17.3,NVIDIA RTX 3060,Windows 11,1.8,0,1,63200.0
MSI,AMD Ryzen 5,Ryzen 5000,16,SSD,2048,15.6,AMD Radeon,macOS,2.0,1,3,66000.0
Acer,Apple M2,M2,16,SSD,512,14.0,NVIDIA RTX 3050,Windows 10,1.2,0,2,138600.0
Acer,AMD Ryzen 3,Ryzen 5000,32,SSD,2048,17.3,NVIDIA RTX 3060,Linux,1.5,0,2,71000.0
Razer,AMD Ryzen 5,Ryzen 6000,64,HDD,1024,14.0,NVIDIA RTX 3060,Windows 11,1.2,0,3,101000.0
Acer,AMD Ryzen 3,Ryzen 7000,8,HDD,1024,17.3,NVIDIA RTX 3070,Windows 11,2.0,1,1,73100.0
HP,AMD Ryzen 3,Ryzen 5000,4,Hybrid,256,17.3,NVIDIA GTX 1650,Linux,2.3,1,1,41900.0
HP,Intel Core i9,14th Gen,64,SSD,1024,17.3,NVIDIA RTX 3050,Windows 11,2.3,0,3,146200.0
Asus,Intel Core i7,13th Gen,32,Hybrid,512,15.6,NVIDIA GTX 1650,macOS,2.5,0,1,77700.0
Apple,Intel Core i7,14th Gen,4,HDD,1024,14.0,NVIDIA RTX 4060,Linux,1.8,1,1,105300.0
HP,Intel Core i9,12th Gen,16,HDD,256,13.3,NVIDIA RTX 3060,macOS,2.0,0,1,116500.0
Lenovo,Apple M1,M1,8,Hybrid,2048,13.3,NVIDIA RTX 4060,macOS,2.5,0,2,132900.0
MSI,Intel Core i5,12th Gen,16,SSD,2048,13.3,Integrated,Windows 10,1.2,0,1,53600.0
Microsoft,Apple M1,M1,32,SSD,1024,13.3,NVIDIA RTX 3060,macOS,1.2,1,1,132400.0
Acer,Intel Core i3,10th Gen,4,SSD,512,17.3,NVIDIA GTX 1650,Windows 10,2.3,0,1,37100.0
Asus,Intel Core i3,10th Gen,32,SSD,256,14.0,NVIDIA RTX 3060,Windows 11,2.5,0,1,62200.0
Dell,AMD Ryzen 3,Ryzen 6000,4,Hybrid,512,14.0,Integrated,Windows 11,2.3,0,3,29400.0
Microsoft,AMD Ryzen 5,Ryzen 7000,64,Hybrid,256,15.6,NVIDIA RTX 3070,Windows 10,1.5,0,3,99700.0
Lenovo,AMD Ryzen 5,Ryzen 7000,8,HDD,1024,14.0,NVIDIA RTX 4060,macOS,2.3,0,2,71400.0
Acer,Intel Core i7,12th Gen,64,SSD,256,14.0,NVIDIA RTX 4060,Linux,1.5,0,1,119900.0
Lenovo,AMD Ryzen 7,Ryzen 7000,64,SSD,256,14.0,NVIDIA GTX 1650,Linux,1.2,0,3,94900.0
MSI,Apple M1,M1,32,SSD,1024,15.6,NVIDIA RTX 3060,Windows 10,2.5,0,2,138300.0
MSI,Apple M2,M2 Max,8,Hybrid,512,13.3,NVIDIA GTX 1650,Windows 11,1.5,0,1,189600.0
Razer,AMD Ryzen 9,Ryzen 6000,4,SSD,1024,14.0,NVIDIA RTX 3070,Windows 11,2.5,1,3,133900.0
Asus,AMD Ryzen 5,Ryzen 6000,4,Hybrid,256,15.6,NVIDIA RTX 3060,Linux,2.5,1,2,63700.0
Microsoft,AMD Ryzen 9,Ryzen 6000,16,SSD,1024,15.6,NVIDIA RTX 3060,Windows 10,1.5,1,2,138900.0
Samsung,AMD Ryzen 3,Ryzen 7000,4,SSD,256,17.3,NVIDIA GTX 1650,Linux,1.8,0,2,45600.0
Samsung,AMD Ryzen 9,Ryzen 6000,32,HDD,1024,15.6,NVIDIA GTX 1650,macOS,2.3,0,1,117000.0
Microsoft,Apple M2,M2 Max,64,SSD,2048,13.3,Integrated,macOS,1.5,0,1,196300.0
Dell,Intel Core i9,13th Gen,64,SSD,2048,14.0,AMD Radeon,Windows 10,1.2,1,2,141300.0
Asus,Apple M2,M2 Pro,64,HDD,1024,15.6,AMD Radeon,Windows 10,2.5,1,1,172900.0
Lenovo,AMD Ryzen 9,Ryzen 7000,8,Hybrid,512,13.3,NVIDIA RTX 3070,macOS,2.0,1,1,132300.0
Dell,Apple M2,M2 Max,4,Hybrid,256,15.6,AMD Radeon,Windows 11,1.5,0,2,175800.0
Apple,Intel Core i5,14th Gen,32,SSD,2048,15.6,Integrated,Windows 10,2.3,0,2,73400.0
Microsoft,AMD Ryzen 3,Ryzen 6000,8,Hybrid,512,15.6,NVIDIA RTX 4060,macOS,2.5,0,1,67100.0
Lenovo,Apple M1,M1 Max,16,SSD,256,15.6,NVIDIA RTX 3060,macOS,1.8,0,2,177200.0
Samsung,Intel Core i9,14th Gen,32,HDD,2048,15.6,NVIDIA GTX 1650,Windows 11,1.2,0,3,122100.0
HP,AMD Ryzen 5,Ryzen 6000,32,HDD,2048,13.3,NVIDIA RTX 3060,Windows 11,1.8,1,2,78700.0
Razer,Intel Core i3,13th Gen,32,SSD,1024,14.0,NVIDIA RTX 3060,Windows 11,2.0,0,1,84600.0
Samsung,Apple M1,M1 Pro,64,HDD,256,14.0,NVIDIA RTX 3050,Windows 11,1.5,0,1,147900.0
Asus,Intel Core i3,11th Gen,32,HDD,512,14.0,NVIDIA RTX 4060,Linux,2.5,0,1,69500.0
MSI,AMD Ryzen 3,Ryzen 5000,4,SSD,512,14.0,NVIDIA RTX 3050,Windows 11,1.5,1,1,48100.0
HP,Intel Core i9,12th Gen,32,SSD,512,13.3,AMD Radeon,Linux,2.3,0,1,114000.0
Razer,Intel Core i7,14th Gen,64,HDD,256,17.3,NVIDIA RTX 3060,Windows 10,1.5,0,1,127700.0
Razer,AMD Ryzen 5,Ryzen 7000,32,Hybrid,512,17.3,NVIDIA GTX 1650,macOS,1.2,1,1,81300.0
Apple,Intel Core i5,11th Gen,16,Hybrid,512,13.3,NVIDIA RTX 3060,Linux,2.0,0,3,76700.0
Apple,Intel Core i7,14th Gen,16,SSD,512,13.3,NVIDIA RTX 4060,Windows 10,1.8,0,1,112400.0
Acer,AMD Ryzen 3,Ryzen 5000,64,SSD,1024,15.6,NVIDIA RTX 3050,Windows 10,2.0,0,2,68400.0
Samsung,Apple M1,M1 Pro,4,Hybrid,1024,15.6,NVIDIA GTX 1650,Linux,2.5,0,2,129600.0
Samsung,Intel Core i5,12th Gen,4,HDD,256,15.6,NVIDIA RTX 3060,Windows 10,1.5,1,1,71900.0
Samsung,Apple M2,M2,8,Hybrid,256,14.0,NVIDIA RTX 3070,Windows 10,2.5,1,3,161000.0
Acer,AMD Ryzen 9,Ryzen 6000,64,Hybrid,512,15.6,NVIDIA RTX 4060,Linux,1.8,0,2,138700.0
Dell,Intel Core i5,10th Gen,32,Hybrid,1024,17.3,NVIDIA RTX 4060,Windows 10,2.5,0,1,90200.0
Razer,AMD Ryzen 3,Ryzen 7000,64,Hybrid,2048,14.0,NVIDIA RTX 3070,Windows 11,2.3,0,2,104000.0
HP,AMD Ryzen 7,Ryzen 6000,8,SSD,2048,15.6,NVIDIA RTX 3060,Windows 11,2.0,0,1,88200.0
Asus,AMD Ryzen 9,Ryzen 7000,64,SSD,512,14.0,NVIDIA RTX 4060,macOS,1.8,0,2,136400.0
Razer,Intel Core i3,13th Gen,64,HDD,512,17.3,NVIDIA GTX 1650,Windows 10,1.8,0,1,73600.0
Apple,AMD Ryzen 5,Ryzen 5000,8,HDD,1024,15.6,NVIDIA RTX 3060,macOS,1.8,0,3,76400.0
Lenovo,Intel Core i3,12th Gen,4,HDD,1024,17.3,NVIDIA RTX 3060,Windows 11,1.2,1,1,64100.0
MSI,Intel Core i5,12th Gen,32,HDD,1024,17.3,NVIDIA RTX 3050,Windows 11,2.0,0,2,77900.0
Acer,Intel Core i3,11th Gen,8,Hybrid,256,17.3,NVIDIA RTX 4060,Windows 11,2.5,0,1,53400.0
Microsoft,AMD Ryzen 3,Ryzen 7000,16,SSD,256,15.6,NVIDIA RTX 4060,Windows 10,1.8,0,2,64800.0
Lenovo,Apple M2,M2 Pro,4,SSD,512,13.3,NVIDIA RTX 3070,Windows 10,2.0,1,2,166800.0
Asus,Apple M1,M1,16,HDD,256,15.6,NVIDIA RTX 3050,Windows 11,1.8,0,1,102900.0
Samsung,AMD Ryzen 5,Ryzen 6000,4,HDD,1024,17.3,AMD Radeon,macOS,2.3,0,2,57700.0
Apple,Intel Core i3,12th Gen,32,Hybrid,1024,15.6,NVIDIA RTX 3050,macOS,2.3,0,1,69900.0
Apple,Intel Core i3,13th Gen,32,Hybrid,256,17.3,NVIDIA RTX 4060,Linux,2.3,1,3,85100.0
Apple,Intel Core i5,13th Gen,64,HDD,2048,13.3,NVIDIA RTX 3060,Windows 11,1.5,0,1,99400.0
Samsung,Apple M1,M1 Max,16,SSD,512,14.0,NVIDIA RTX 3050,macOS,1.8,1,3,161000.0
Microsoft,Intel Core i7,12th Gen,4,SSD,2048,13.3,NVIDIA RTX 3070,Windows 11,1.5,1,3,111300.0
Acer,Intel Core i3,10th Gen,32,SSD,512,13.3,NVIDIA RTX 3050,macOS,2.0,1,1,56600.0
Lenovo,AMD Ryzen 3,Ryzen 5000,8,HDD,2048,14.0,NVIDIA RTX 3070,Linux,1.5,0,1,63600.0
Samsung,AMD Ryzen 7,Ryzen 6000,32,SSD,256,15.6,AMD Radeon,Linux,2.0,0,1,80100.0
Asus,AMD Ryzen 5,Ryzen 6000,8,Hybrid,512,14.0,NVIDIA RTX 3050,Windows 11,2.0,0,3,57500.0
Acer,Intel Core i3,13th Gen,4,Hybrid,512,15.6,NVIDIA RTX 3070,macOS,2.0,1,1,68700.0
Asus,AMD Ryzen 3,Ryzen 7000,32,HDD,512,15.6,NVIDIA RTX 3050,Windows 10,2.5,0,2,56000.0
Acer,AMD Ryzen 3,Ryzen 5000,32,Hybrid,1024,17.3,AMD Radeon,Linux,1.5,0,3,50400.0
Microsoft,AMD Ryzen 5,Ryzen 6000,4,HDD,1024,17.3,NVIDIA RTX 3050,Windows 11,2.5,0,1,63600.0
MSI,Intel Core i7,11th Gen,32,SSD,2048,14.0,NVIDIA GTX 1650,Windows 11,1.8,0,2,93300.0
Asus,AMD Ryzen 3,Ryzen 6000,8,SSD,256,13.3,NVIDIA RTX 3070,macOS,1.5,0,1,58700.0
Samsung,AMD Ryzen 7,Ryzen 6000,32,SSD,1024,14.0,AMD Radeon,Windows 11,1.8,0,1,79300.0
Acer,AMD Ryzen 3,Ryzen 5000,16,Hybrid,512,15.6,NVIDIA RTX 3070,Linux,1.8,0,2,58800.0
Apple,AMD Ryzen 3,Ryzen 6000,64,HDD,1024,17.3,NVIDIA RTX 3070,Windows 11,2.0,1,1,96900.0
Razer,AMD Ryzen 3,Ryzen 6000,8,SSD,256,14.0,Integrated,Windows 11,1.5,0,1,36600.0
Apple,Apple M2,M2 Max,16,HDD,1024,14.0,AMD Radeon,Windows 10,1.8,0,3,189300.0
Dell,Apple M2,M2 Pro,4,SSD,512,17.3,NVIDIA RTX 3050,Windows 10,2.3,0,1,160600.0
MSI,Intel Core i7,12th Gen,8,Hybrid,2048,17.3,NVIDIA RTX 3070,Linux,1.8,0,3,108700.0
MSI,Intel Core i3,11th Gen,64,Hybrid,512,17.3,NVIDIA RTX 4060,macOS,2.3,1,3,91800.0
Apple,AMD Ryzen 3,Ryzen 7000,64,HDD,256,15.6,Integrated,Windows 10,1.5,0,1,58100.0
Lenovo,Apple M1,M1,4,Hybrid,2048,17.3,NVIDIA GTX 1650,macOS,2.5,0,1,119100.0
Microsoft,Intel Core i3,13th Gen,4,Hybrid,1024,13.3,NVIDIA RTX 3070,Linux,1.5,0,2,68900.0
Asus,Intel Core i7,14th Gen,8,HDD,1024,14.0,NVIDIA RTX 3070,Windows 10,2.5,1,1,104200.0
Samsung,Intel Core i9,14th Gen,32,SSD,1024,17.3,Integrated,macOS,2.5,0,1,119500.0
MSI,Intel Core i3,12th Gen,4,Hybrid,2048,17.3,NVIDIA RTX 3050,Windows 10,1.5,1,2,62800.0
Apple,Intel Core i3,13th Gen,32,HDD,512,15.6,NVIDIA RTX 4060,Linux,1.8,0,1,79700.0
Apple,AMD Ryzen 9,Ryzen 6000,16,Hybrid,2048,15.6,NVIDIA GTX 1650,Linux,1.2,0,3,127800.0
Microsoft,Intel Core i5,13th Gen,64,Hybrid,2048,14.0,NVIDIA RTX 3070,Windows 10,1.8,0,1,114200.0
Microsoft,AMD Ryzen 9,Ryzen 6000,32,Hybrid,256,13.3,NVIDIA RTX 3050,macOS,1.8,1,1,128700.0
HP,AMD Ryzen 7,Ryzen 5000,64,Hybrid,2048,14.0,AMD Radeon,Windows 11,2.0,0,1,93500.0
HP,Apple M2,M2 Max,32,HDD,1024,17.3,NVIDIA RTX 4060,Windows 11,2.0,1,3,224600.0
Lenovo,Apple M2,M2,16,HDD,512,13.3,AMD Radeon,Windows 10,1.8,0,2,122400.0
Lenovo,Intel Core i5,12th Gen,4,HDD,512,13.3,NVIDIA RTX 4060,macOS,2.3,0,3,66800.0
Dell,AMD Ryzen 5,Ryzen 7000,16,Hybrid,512,13.3,NVIDIA GTX 1650,Windows 11,2.5,0,1,53400.0
Lenovo,AMD Ryzen 5,Ryzen 6000,4,Hybrid,1024,13.3,NVIDIA RTX 3060,Linux,2.0,1,1,65000.0
Acer,Intel Core i7,13th Gen,4,Hybrid,1024,14.0,NVIDIA RTX 4060,macOS,1.8,0,1,93700.0
Microsoft,Intel Core i5,11th Gen,64,HDD,1024,15.6,NVIDIA RTX 3060,Windows 11,1.2,1,1,96300.0
Samsung,Intel Core i3,11th Gen,16,Hybrid,1024,15.6,AMD Radeon,macOS,2.3,1,2,51700.0
Acer,AMD Ryzen 5,Ryzen 6000,32,SSD,1024,17.3,NVIDIA RTX 4060,Windows 10,1.5,1,2,86200.0
Asus,AMD Ryzen 3,Ryzen 6000,16,Hybrid,2048,15.6,NVIDIA GTX 1650,macOS,1.8,0,1,48100.0
Apple,Apple M1,M1,64,SSD,1024,15.6,Integrated,Windows 11,1.8,0,3,131700.0
Lenovo,Intel Core i3,13th Gen,4,Hybrid,1024,15.6,NVIDIA GTX 1650,Windows 10,2.5,1,1,46400.0
Apple,AMD Ryzen 7,Ryzen 5000,64,HDD,1024,15.6,NVIDIA GTX 1650,macOS,2.3,0,3,98600.0
MSI,AMD Ryzen 3,Ryzen 7000,8,Hybrid,1024,17.3,Integrated,Linux,2.0,0,1,41600.0
Dell,AMD Ryzen 3,Ryzen 5000,8,SSD,512,14.0,Integrated,Windows 11,2.0,0,1,28200.0
MSI,Intel Core i5,10th Gen,32,SSD,1024,13.3,NVIDIA RTX 3050,Windows 10,2.0,0,1,70400.0
Dell,Intel Core i7,13th Gen,64,Hybrid,2048,15.6,NVIDIA RTX 4060,macOS,1.5,0,1,121700.0
HP,AMD Ryzen 7,Ryzen 7000,32,SSD,2048,14.0,AMD Radeon,Linux,2.3,0,2,85000.0
Apple,AMD Ryzen 5,Ryzen 7000,32,SSD,2048,15.6,NVIDIA RTX 3050,Windows 11,2.3,0,1,81400.0
Dell,Intel Core i5,14th Gen,8,HDD,256,15.6,Integrated,Linux,2.0,0,1,44800.0
Razer,AMD Ryzen 5,Ryzen 5000,32,Hybrid,512,13.3,NVIDIA RTX 3060,macOS,2.0,0,2,72800.0
Acer,Intel Core i5,12th Gen,8,Hybrid,1024,13.3,AMD Radeon,macOS,2.5,0,2,50200.0
Dell,Intel Core i5,13th Gen,4,Hybrid,256,13.3,NVIDIA RTX 3060,Windows 10,1.2,0,3,71200.0
Dell,Intel Core i5,11th Gen,64,SSD,1024,15.6,NVIDIA GTX 1650,Linux,1.2,0,1,78400.0
Acer,Intel Core i7,13th Gen,32,Hybrid,256,15.6,NVIDIA RTX 3070,Windows 10,1.8,0,2,103400.0
Apple,Intel Core i5,13th Gen,8,Hybrid,256,15.6,NVIDIA GTX 1650,Windows 11,1.8,0,2,62600.0
Apple,Intel Core i9,13th Gen,16,HDD,2048,13.3,NVIDIA GTX 1650,Windows 10,2.3,0,1,128700.0
Acer,Apple M1,M1 Max,32,HDD,2048,17.3,NVIDIA RTX 3070,Windows 11,2.3,1,1,191600.0
MSI,AMD Ryzen 5,Ryzen 7000,4,HDD,256,14.0,NVIDIA RTX 4060,macOS,1.5,0,1,70800.0
Razer,Intel Core i3,12th Gen,4,SSD,2048,17.3,Integrated,macOS,1.5,1,1,55000.0
Samsung,AMD Ryzen 9,Ryzen 6000,16,Hybrid,256,15.6,NVIDIA RTX 3060,Linux,1.2,0,1,126800.0
Asus,AMD Ryzen 7,Ryzen 6000,8,HDD,512,15.6,NVIDIA GTX 1650,Windows 11,1.8,0,1,73100.0
Razer,Apple M2,M2,32,HDD,2048,17.3,NVIDIA RTX 3070,macOS,1.2,0,2,174800.0
Apple,Intel Core i7,11th Gen,8,HDD,2048,15.6,NVIDIA RTX 3050,Linux,1.2,0,2,89200.0
Samsung,Intel Core i3,12th Gen,4,Hybrid,2048,14.0,NVIDIA GTX 1650,Linux,1.8,0,3,48900.0
HP,AMD Ryzen 3,Ryzen 5000,8,Hybrid,512,15.6,NVIDIA RTX 3060,Windows 10,1.5,0,2,49500.0
Lenovo,Intel Core i9,14th Gen,4,Hybrid,256,14.0,Integrated,Linux,2.5,0,1,96100.0
Dell,Apple M2,M2 Pro,8,SSD,1024,17.3,NVIDIA GTX 1650,macOS,2.5,0,3,157300.0
Acer,AMD Ryzen 9,Ryzen 6000,16,SSD,2048,17.3,NVIDIA GTX 1650,Windows 10,2.5,0,3,125200.0
Acer,Intel Core i3,10th Gen,64,HDD,256,15.6,NVIDIA RTX 4060,Windows 11,1.8,1,1,79700.0
Dell,Apple M2,M2,16,Hybrid,512,14.0,NVIDIA RTX 3070,Windows 11,2.0,0,2,158200.0
Lenovo,Intel Core i3,12th Gen,16,HDD,1024,15.6,NVIDIA RTX 3050,macOS,2.0,0,3,50600.0
Asus,Intel Core i9,14th Gen,64,Hybrid,2048,13.3,NVIDIA RTX 3050,macOS,2.0,0,2,157500.0
Lenovo,AMD Ryzen 9,Ryzen 6000,64,Hybrid,512,13.3,AMD Radeon,Windows 10,2.3,0,3,121300.0
Samsung,AMD Ryzen 3,Ryzen 6000,32,Hybrid,512,13.3,Integrated,Windows 10,1.5,1,1,44100.0
Lenovo,Intel Core i5,13th Gen,32,SSD,1024,13.3,AMD Radeon,macOS,1.5,0,1,57700.0
Samsung,AMD Ryzen 5,Ryzen 6000,16,SSD,256,15.6,NVIDIA RTX 3060,macOS,2.3,0,1,66600.0
Lenovo,AMD Ryzen 3,Ryzen 7000,16,Hybrid,2048,13.3,Integrated,Windows 11,1.2,1,2,41900.0
Asus,Intel Core i5,11th Gen,4,HDD,2048,14.0,NVIDIA GTX 1650,Windows 11,2.5,0,3,56300.0
Asus,Intel Core i7,11th Gen,4,Hybrid,256,17.3,NVIDIA GTX 1650,Windows 11,2.0,0,3,71900.0
Apple,Apple M1,M1 Max,32,Hybrid,256,17.3,NVIDIA RTX 3050,macOS,2.5,1,1,186200.0
Dell,AMD Ryzen 7,Ryzen 5000,32,HDD,256,13.3,NVIDIA RTX 3060,Linux,2.0,0,1,88100.0
Asus,AMD Ryzen 7,Ryzen 5000,4,Hybrid,1024,13.3,NVIDIA RTX 3070,macOS,2.5,0,3,88700.0
Samsung,AMD Ryzen 5,Ryzen 6000,4,HDD,1024,13.3,NVIDIA RTX 3060,macOS,1.2,0,2,59500.0
Asus,AMD Ryzen 9,Ryzen 6000,8,SSD,2048,15.6,NVIDIA GTX 1650,Windows 11,2.5,0,1,106600.0
Apple,Intel Core i9,14th Gen,8,SSD,1024,17.3,NVIDIA RTX 3070,macOS,2.5,0,1,155500.0
Acer,AMD Ryzen 9,Ryzen 7000,4,HDD,512,13.3,NVIDIA RTX 3060,Windows 10,1.8,1,2,113600.0
Samsung,Intel Core i9,13th Gen,8,SSD,2048,14.0,NVIDIA RTX 3060,macOS,2.5,0,2,133800.0
Apple,AMD Ryzen 9,Ryzen 6000,64,SSD,1024,13.3,NVIDIA RTX 3070,macOS,1.8,1,1,154900.0
MSI,Apple M1,M1,32,HDD,256,17.3,NVIDIA GTX 1650,macOS,1.5,1,1,134500.0
MSI,Intel Core i7,11th Gen,32,SSD,512,13.3,NVIDIA RTX 3060,macOS,2.3,0,3,98400.0
HP,Intel Core i7,11th Gen,4,Hybrid,256,17.3,NVIDIA RTX 3070,Linux,2.5,0,2,100800.0
Lenovo,Intel Core i5,12th Gen,16,Hybrid,2048,13.3,NVIDIA RTX 4060,macOS,1.5,0,1,78200.0
Dell,Apple M2,M2 Pro,4,HDD,256,14.0,NVIDIA RTX 4060,Windows 10,1.8,1,1,171100.0
Microsoft,Intel Core i7,12th Gen,8,SSD,1024,13.3,NVIDIA GTX 1650,Windows 10,2.5,1,2,85700.0
Razer,Intel Core i7,14th Gen,16,Hybrid,1024,14.0,NVIDIA RTX 3070,macOS,2.5,0,1,110900.0
Apple,AMD Ryzen 3,Ryzen 7000,8,Hybrid,2048,14.0,NVIDIA RTX 4060,Windows 11,1.2,0,1,70200.0
Acer,AMD Ryzen 3,Ryzen 7000,64,SSD,256,13.3,NVIDIA RTX 3070,Linux,1.5,0,2,78600.0
Razer,Intel Core i5,14th Gen,8,SSD,2048,14.0,NVIDIA RTX 3060,macOS,2.0,1,1,86900.0
Acer,Apple M2,M2,64,Hybrid,256,15.6,NVIDIA GTX 1650,macOS,2.0,0,2,157500.0
Razer,AMD Ryzen 5,Ryzen 6000,64,Hybrid,512,13.3,NVIDIA RTX 4060,macOS,1.2,0,1,99500.0
Apple,AMD Ryzen 3,Ryzen 7000,8,HDD,1024,13.3,AMD Radeon,Windows 11,1.8,1,2,51900.0
Microsoft,AMD Ryzen 5,Ryzen 6000,8,HDD,2048,14.0,NVIDIA RTX 3060,Windows 11,2.0,0,1,68700.0
Razer,Intel Core i3,12th Gen,64,Hybrid,512,14.0,AMD Radeon,Windows 11,2.0,0,1,65000.0
Apple,AMD Ryzen 3,Ryzen 5000,16,HDD,512,13.3,AMD Radeon,Linux,2.3,0,1,38100.0
Asus,Apple M1,M1 Pro,64,Hybrid,2048,15.6,Integrated,Windows 10,1.5,0,3,143400.0
Microsoft,Apple M2,M2 Pro,32,Hybrid,2048,14.0,Integrated,Linux,1.8,0,3,166300.0
Samsung,Intel Core i5,10th Gen,64,HDD,512,14.0,NVIDIA GTX 1650,Windows 11,2.5,1,1,76400.0
Acer,Intel Core i3,11th Gen,16,HDD,256,17.3,NVIDIA RTX 4060,Windows 10,1.5,0,2,58800.0
MSI,Apple M2,M2,32,SSD,512,15.6,NVIDIA RTX 4060,Windows 10,1.8,0,2,159200.0
Lenovo,Apple M1,M1 Pro,4,SSD,2048,15.6,NVIDIA RTX 4060,Windows 11,2.0,0,3,151500.0
MSI,Apple M2,M2,4,SSD,512,13.3,NVIDIA RTX 3070,Windows 11,2.3,0,1,152100.0
Microsoft,Apple M1,M1 Max,16,Hybrid,256,15.6,NVIDIA RTX 3060,Linux,1.5,0,2,180200.0
Samsung,Apple M1,M1 Pro,64,HDD,1024,13.3,NVIDIA RTX 4060,Windows 11,2.0,1,1,168400.0
Acer,AMD Ryzen 5,Ryzen 6000,8,Hybrid,1024,17.3,NVIDIA RTX 3060,Windows 10,1.8,1,1,75500.0
Samsung,AMD Ryzen 9,Ryzen 6000,16,HDD,512,15.6,NVIDIA GTX 1650,macOS,1.5,0,3,110000.0
Razer,Intel Core i3,10th Gen,32,Hybrid,256,14.0,AMD Radeon,Windows 11,2.5,0,2,48400.0
Acer,Apple M2,M2 Pro,32,SSD,1024,17.3,NVIDIA RTX 4060,Windows 11,1.5,0,1,200400.0
Razer,Intel Core i9,14th Gen,4,SSD,512,13.3,NVIDIA GTX 1650,Linux,2.0,1,1,138400.0
Apple,Intel Core i3,13th Gen,32,SSD,512,17.3,NVIDIA RTX 4060,Linux,1.5,0,2,87700.0
Microsoft,AMD Ryzen 9,Ryzen 6000,16,Hybrid,256,13.3,Integrated,Windows 11,2.5,1,2,104600.0
Apple,Intel Core i3,10th Gen,32,HDD,2048,17.3,NVIDIA RTX 3050,Windows 10,2.3,0,1,66900.0
HP,Intel Core i7,14th Gen,16,HDD,512,13.3,NVIDIA GTX 1650,Windows 10,2.3,1,3,83100.0
Samsung,Intel Core i9,12th Gen,8,SSD,2048,15.6,NVIDIA RTX 4060,macOS,2.0,1,1,148900.0
Razer,AMD Ryzen 9,Ryzen 7000,4,SSD,2048,14.0,NVIDIA RTX 3050,Windows 11,1.8,1,1,130300.0
Asus,AMD Ryzen 5,Ryzen 6000,32,SSD,1024,13.3,NVIDIA GTX 1650,Linux,2.0,0,3,68400.0
Apple,Apple M2,M2 Pro,16,SSD,2048,17.3,NVIDIA RTX 3070,Windows 10,2.3,0,1,198500.0
HP,AMD Ryzen 7,Ryzen 6000,64,HDD,256,13.3,NVIDIA RTX 4060,macOS,1.2,0,1,103700.0
Dell,AMD Ryzen 9,Ryzen 6000,4,Hybrid,1024,13.3,NVIDIA RTX 3070,Windows 11,1.2,1,2,126800.0
MSI,Intel Core i5,12th Gen,8,Hybrid,1024,13.3,Integrated,Windows 10,1.5,0,3,47500.0
Acer,Apple M2,M2,16,Hybrid,1024,17.3,NVIDIA RTX 4060,Windows 11,2.5,1,1,159400.0
HP,AMD Ryzen 9,Ryzen 6000,8,Hybrid,512,14.0,AMD Radeon,Windows 11,1.5,1,3,101500.0
Microsoft,Intel Core i7,11th Gen,8,SSD,512,15.6,Integrated,Windows 10,1.2,0,2,66700.0
Apple,AMD Ryzen 7,Ryzen 6000,32,SSD,2048,14.0,NVIDIA RTX 3050,Windows 10,2.3,1,1,110100.0
Microsoft,Intel Core i7,11th Gen,32,SSD,1024,13.3,NVIDIA GTX 1650,Windows 10,1.5,0,2,85200.0
MSI,AMD Ryzen 7,Ryzen 7000,16,Hybrid,1024,17.3,NVIDIA RTX 3060,Windows 11,2.0,0,1,100600.0
Asus,Intel Core i5,12th Gen,64,SSD,256,14.0,Integrated,Windows 11,2.5,0,1,60000.0
Samsung,Apple M2,M2,16,SSD,2048,13.3,NVIDIA RTX 3060,macOS,2.0,0,2,157300.0
Samsung,AMD Ryzen 5,Ryzen 5000,64,HDD,256,15.6,NVIDIA RTX 3060,Linux,2.5,1,3,84900.0
Microsoft,Intel Core i7,14th Gen,8,HDD,2048,15.6,NVIDIA GTX 1650,Windows 11,2.3,0,1,83000.0
Razer,Intel Core i7,11th Gen,4,SSD,2048,15.6,NVIDIA RTX 3050,Linux,1.5,0,1,93900.0
Asus,Apple M1,M1 Pro,16,HDD,512,13.3,NVIDIA GTX 1650,Windows 10,2.5,0,1,126000.0
Samsung,AMD Ryzen 7,Ryzen 7000,16,HDD,512,17.3,NVIDIA RTX 4060,Windows 11,2.0,1,1,107400.0
Asus,AMD Ryzen 3,Ryzen 6000,64,SSD,256,14.0,Integrated,macOS,1.5,0,1,47800.0
HP,Apple M2,M2 Pro,8,SSD,2048,15.6,NVIDIA RTX 3060,macOS,1.5,1,1,175000.0
Asus,AMD Ryzen 7,Ryzen 5000,8,SSD,1024,13.3,NVIDIA GTX 1650,Linux,2.0,0,2,69200.0
Lenovo,Apple M1,M1 Pro,64,SSD,512,13.3,NVIDIA GTX 1650,Windows 10,1.2,0,1,139400.0
MSI,Intel Core i3,13th Gen,8,Hybrid,1024,14.0,NVIDIA GTX 1650,Linux,2.5,0,1,48100.0
Samsung,AMD Ryzen 7,Ryzen 6000,32,Hybrid,256,15.6,Integrated,Windows 10,2.0,0,3,75900.0
Asus,AMD Ryzen 5,Ryzen 5000,4,SSD,512,13.3,NVIDIA RTX 3050,macOS,2.3,1,3,58100.0
Microsoft,Apple M2,M2 Pro,16,HDD,512,14.0,AMD Radeon,Linux,1.8,0,1,165200.0
Dell,Apple M1,M1,4,SSD,2048,17.3,NVIDIA GTX 1650,macOS,2.0,1,1,116600.0
Lenovo,Intel Core i3,10th Gen,16,SSD,256,17.3,Integrated,macOS,1.5,0,2,36800.0
Lenovo,Intel Core i9,12th Gen,32,HDD,2048,17.3,NVIDIA RTX 3060,Windows 10,1.5,0,1,142700.0
Razer,Apple M1,M1,8,Hybrid,512,15.6,NVIDIA RTX 4060,Linux,2.0,1,1,131200.0
Asus,Intel Core i9,13th Gen,64,SSD,256,14.0,AMD Radeon,Linux,1.8,1,2,147800.0
Razer,Apple M2,M2,32,SSD,512,14.0,NVIDIA RTX 3070,macOS,2.0,0,1,165100.0
Razer,Intel Core i7,11th Gen,4,Hybrid,256,13.3,AMD Radeon,macOS,1.8,0,1,75400.0
Dell,Apple M1,M1 Pro,64,Hybrid,512,13.3,AMD Radeon,Windows 10,1.8,0,1,142200.0
HP,Intel Core i5,11th Gen,8,HDD,1024,13.3,Integrated,Windows 11,2.3,0,1,40100.0
Asus,Intel Core i9,13th Gen,32,Hybrid,1024,14.0,NVIDIA RTX 3070,Windows 11,2.5,1,1,156000.0
Apple,AMD Ryzen 5,Ryzen 7000,64,Hybrid,2048,13.3,NVIDIA GTX 1650,macOS,1.5,1,3,97100.0
Samsung,Intel Core i5,11th Gen,32,Hybrid,1024,14.0,NVIDIA GTX 1650,Windows 11,1.5,0,1,63700.0
Razer,AMD Ryzen 9,Ryzen 7000,32,HDD,512,14.0,AMD Radeon,Windows 11,1.8,1,1,126700.0
MSI,AMD Ryzen 9,Ryzen 7000,8,Hybrid,512,17.3,Integrated,Windows 11,1.5,0,1,104900.0
Acer,Intel Core i3,11th Gen,16,Hybrid,1024,13.3,NVIDIA RTX 3070,Windows 11,1.2,0,3,64700.0
MSI,Intel Core i7,13th Gen,64,HDD,2048,17.3,NVIDIA GTX 1650,macOS,1.8,0,2,110000.0
Dell,Apple M2,M2 Pro,8,Hybrid,1024,15.6,NVIDIA RTX 3060,Windows 11,1.5,0,1,168400.0
Dell,Apple M1,M1 Pro,32,Hybrid,256,15.6,NVIDIA RTX 3050,Windows 11,1.2,0,3,152200.0
Microsoft,AMD Ryzen 3,Ryzen 7000,8,HDD,256,15.6,NVIDIA RTX 3050,Windows 10,2.3,0,1,46400.0
HP,AMD Ryzen 5,Ryzen 5000,16,SSD,256,14.0,NVIDIA GTX 1650,macOS,1.5,0,1,53700.0
Samsung,Intel Core i9,14th Gen,64,HDD,1024,14.0,NVIDIA RTX 3070,Linux,1.2,0,1,156900.0
Razer,Apple M2,M2,16,Hybrid,1024,14.0,NVIDIA RTX 4060,Linux,2.0,1,1,157400.0
MSI,Intel Core i5,12th Gen,4,Hybrid,1024,13.3,NVIDIA GTX 1650,Windows 10,2.5,0,1,61500.0
Acer,AMD Ryzen 9,Ryzen 6000,64,Hybrid,256,17.3,NVIDIA RTX 4060,Windows 10,2.0,0,2,149600.0
Dell,AMD Ryzen 5,Ryzen 6000,16,HDD,2048,14.0,NVIDIA RTX 4060,macOS,1.2,1,1,82000.0
Dell,AMD Ryzen 3,Ryzen 5000,32,Hybrid,512,17.3,NVIDIA RTX 3070,Linux,1.8,1,2,81000.0
HP,Apple M1,M1 Pro,64,Hybrid,1024,17.3,NVIDIA RTX 4060,Windows 11,1.8,1,1,187400.0
Acer,Intel Core i3,10th Gen,64,HDD,2048,17.3,NVIDIA RTX 3060,Windows 10,1.5,0,1,78700.0
Acer,AMD Ryzen 3,Ryzen 7000,8,SSD,512,13.3,NVIDIA RTX 3070,Linux,2.0,0,1,61400.0
HP,AMD Ryzen 5,Ryzen 7000,32,SSD,512,13.3,NVIDIA GTX 1650,macOS,1.8,0,3,61400.0
Dell,AMD Ryzen 3,Ryzen 5000,4,Hybrid,512,15.6,AMD Radeon,Windows 11,1.8,0,1,31600.0
Samsung,AMD Ryzen 5,Ryzen 6000,16,HDD,2048,15.6,NVIDIA RTX 3060,macOS,2.0,1,2,77000.0
Asus,AMD Ryzen 5,Ryzen 6000,8,Hybrid,2048,17.3,Integrated,Windows 10,2.3,0,1,51900.0
Asus,AMD Ryzen 7,Ryzen 6000,16,HDD,256,15.6,NVIDIA RTX 3050,Linux,1.8,0,1,70000.0
HP,Intel Core i9,13th Gen,4,HDD,2048,17.3,NVIDIA GTX 1650,Linux,2.5,0,1,122400.0
Acer,AMD Ryzen 9,Ryzen 6000,4,SSD,2048,13.3,NVIDIA GTX 1650,Linux,1.2,0,1,95000.0
Razer,AMD Ryzen 7,Ryzen 7000,64,SSD,2048,13.3,NVIDIA GTX 1650,Linux,1.5,1,1,113100.0
HP,Apple M1,M1 Max,4,HDD,512,13.3,NVIDIA RTX 3060,Windows 11,1.8,0,1,146200.0
Samsung,AMD Ryzen 7,Ryzen 7000,16,Hybrid,1024,14.0,Integrated,Windows 11,2.5,0,2,72500.0
HP,Intel Core i7,13th Gen,32,SSD,256,17.3,AMD Radeon,macOS,2.5,0,1,85800.0
Lenovo,Intel Core i7,14th Gen,32,Hybrid,1024,13.3,NVIDIA RTX 3070,Windows 11,1.8,0,2,105700.0
MSI,AMD Ryzen 9,Ryzen 7000,64,SSD,1024,17.3,Integrated,Windows 10,2.3,0,1,136300.0
Acer,AMD Ryzen 3,Ryzen 6000,16,SSD,2048,15.6,NVIDIA RTX 3060,Windows 10,1.2,0,2,57600.0
Microsoft,Intel Core i9,13th Gen,16,Hybrid,256,15.6,NVIDIA GTX 1650,Linux,1.5,0,2,105600.0
Microsoft,AMD Ryzen 9,Ryzen 7000,4,SSD,1024,13.3,NVIDIA RTX 3050,Windows 10,1.8,1,1,122400.0
Acer,AMD Ryzen 5,Ryzen 6000,16,SSD,1024,17.3,NVIDIA GTX 1650,macOS,1.5,1,1,60100.0
Samsung,Intel Core i5,12th Gen,8,Hybrid,256,13.3,NVIDIA RTX 3070,Windows 11,2.0,1,2,77200.0
Lenovo,Intel Core i9,14th Gen,4,SSD,2048,15.6,NVIDIA RTX 4060,Windows 11,2.5,1,3,141400.0
Lenovo,Intel Core i9,12th Gen,8,SSD,1024,13.3,NVIDIA RTX 3050,Windows 11,2.5,0,1,108900.0
Dell,AMD Ryzen 5,Ryzen 6000,64,SSD,512,17.3,NVIDIA GTX 1650,Windows 10,1.8,0,1,77300.0
MSI,AMD Ryzen 5,Ryzen 6000,32,Hybrid,1024,15.6,AMD Radeon,Windows 11,1.8,0,3,60000.0
Asus,Intel Core i3,12th Gen,64,HDD,512,14.0,NVIDIA RTX 3050,Linux,2.0,1,1,71400.0
Apple,AMD Ryzen 9,Ryzen 7000,32,Hybrid,2048,15.6,NVIDIA RTX 4060,Linux,2.3,1,2,145100.0
Samsung,AMD Ryzen 5,Ryzen 6000,64,HDD,1024,14.0,Integrated,Linux,1.8,1,1,70000.0
Apple,Intel Core i7,14th Gen,16,SSD,256,13.3,NVIDIA RTX 3060,Windows 10,2.5,0,1,102800.0
Apple,Apple M1,M1 Max,8,HDD,256,13.3,NVIDIA GTX 1650,Windows 11,1.5,1,2,164500.0
Acer,Intel Core i5,13th Gen,32,Hybrid,1024,17.3,NVIDIA RTX 3070,Windows 10,1.2,0,2,92800.0
Microsoft,AMD Ryzen 9,Ryzen 6000,4,Hybrid,2048,14.0,Integrated,Windows 11,1.5,0,1,97900.0
Microsoft,Apple M2,M2,8,SSD,2048,13.3,NVIDIA GTX 1650,macOS,2.3,0,1,135900.0
Asus,Intel Core i7,11th Gen,4,HDD,256,14.0,Integrated,macOS,1.2,0,2,56300.0
Acer,AMD Ryzen 3,Ryzen 7000,8,SSD,1024,13.3,NVIDIA RTX 3070,Windows 10,1.5,0,2,63500.0
Apple,AMD Ryzen 5,Ryzen 6000,8,SSD,2048,15.6,NVIDIA GTX 1650,Linux,1.5,0,1,60500.0
Razer,Apple M2,M2 Max,64,Hybrid,256,13.3,NVIDIA RTX 4060,Windows 10,2.0,0,2,235800.0
Microsoft,AMD Ryzen 5,Ryzen 7000,32,HDD,512,17.3,NVIDIA RTX 4060,Linux,2.3,0,2,89700.0
Samsung,Intel Core i9,13th Gen,32,HDD,1024,15.6,NVIDIA RTX 3070,Windows 11,2.5,1,2,166100.0
Samsung,Intel Core i7,14th Gen,8,HDD,512,17.3,NVIDIA RTX 3050,Linux,2.0,0,2,93600.0
Dell,Intel Core i9,12th Gen,16,HDD,512,15.6,NVIDIA RTX 3070,Linux,1.2,0,1,136700.0
HP,Intel Core i3,13th Gen,16,SSD,2048,14.0,NVIDIA RTX 3050,Windows 11,2.5,1,2,63400.0
Razer,Intel Core i9,12th Gen,4,SSD,2048,17.3,NVIDIA GTX 1650,macOS,2.0,1,2,132900.0
Microsoft,Intel Core i3,12th Gen,4,Hybrid,2048,13.3,NVIDIA RTX 3050,Windows 11,2.3,0,1,53900.0
Lenovo,Intel Core i3,10th Gen,64,SSD,1024,14.0,NVIDIA GTX 1650,Windows 10,1.8,0,1,60300.0
Microsoft,Apple M2,M2 Max,8,SSD,512,13.3,NVIDIA GTX 1650,Windows 10,1.8,0,1,193100.0
Dell,AMD Ryzen 5,Ryzen 7000,4,Hybrid,1024,15.6,AMD Radeon,Windows 10,1.2,0,2,50700.0
Samsung,AMD Ryzen 3,Ryzen 6000,4,Hybrid,2048,15.6,NVIDIA RTX 3060,Windows 10,1.8,0,1,56800.0
Apple,Intel Core i9,13th Gen,8,Hybrid,512,13.3,NVIDIA GTX 1650,Windows 10,2.0,1,2,127500.0
Lenovo,Intel Core i7,12th Gen,64,SSD,1024,13.3,NVIDIA RTX 3050,macOS,1.2,0,3,100100.0
Acer,Intel Core i3,12th Gen,4,SSD,1024,14.0,NVIDIA RTX 3060,macOS,2.5,1,2,56000.0
MSI,AMD Ryzen 5,Ryzen 6000,64,Hybrid,256,13.3,NVIDIA RTX 3060,Linux,2.3,1,3,88000.0
Apple,Intel Core i5,14th Gen,32,Hybrid,1024,17.3,NVIDIA GTX 1650,Windows 10,1.2,1,3,93400.0
MSI,AMD Ryzen 9,Ryzen 7000,64,Hybrid,2048,17.3,NVIDIA RTX 3070,Windows 11,2.5,0,1,156700.0
Razer,Apple M2,M2,16,SSD,1024,13.3,NVIDIA RTX 3070,Windows 10,1.2,1,2,162700.0
HP,AMD Ryzen 3,Ryzen 7000,16,SSD,512,17.3,NVIDIA RTX 4060,macOS,1.5,0,1,69200.0
Lenovo,AMD Ryzen 7,Ryzen 7000,64,HDD,1024,13.3,NVIDIA RTX 3060,Windows 10,1.5,0,3,105800.0
Asus,Apple M2,M2 Pro,16,SSD,256,14.0,NVIDIA GTX 1650,macOS,1.2,0,1,153800.0
Lenovo,Intel Core i5,12th Gen,32,SSD,512,17.3,AMD Radeon,Linux,1.8,0,3,65800.0
Microsoft,AMD Ryzen 9,Ryzen 6000,8,SSD,512,17.3,NVIDIA RTX 3070,Linux,1.5,1,2,129700.0
Samsung,Intel Core i5,14th Gen,16,Hybrid,256,13.3,AMD Radeon,Linux,2.3,0,2,54000.0
Microsoft,Intel Core i9,12th Gen,16,SSD,2048,17.3,NVIDIA GTX 1650,macOS,2.5,0,1,136400.0
Microsoft,Intel Core i3,11th Gen,64,Hybrid,512,15.6,NVIDIA GTX 1650,Windows 10,2.0,0,1,64000.0
Razer,AMD Ryzen 3,Ryzen 7000,32,HDD,2048,14.0,NVIDIA RTX 3060,Windows 10,1.5,0,2,71200.0
Apple,Apple M1,M1 Max,8,HDD,512,14.0,AMD Radeon,Windows 11,1.2,0,1,146400.0
Asus,Intel Core i3,10th Gen,64,Hybrid,512,17.3,NVIDIA RTX 4060,macOS,1.8,1,3,90700.0
Asus,Apple M1,M1 Max,64,Hybrid,2048,17.3,NVIDIA RTX 3060,Windows 11,2.0,0,1,197600.0
Microsoft,AMD Ryzen 9,Ryzen 7000,32,Hybrid,512,15.6,Integrated,Linux,2.5,0,2,109800.0
MSI,AMD Ryzen 5,Ryzen 5000,8,SSD,2048,15.6,AMD Radeon,Windows 10,2.5,0,1,52500.0
Razer,AMD Ryzen 7,Ryzen 6000,32,HDD,256,17.3,NVIDIA RTX 3070,macOS,1.5,0,2,108600.0
Microsoft,Intel Core i7,11th Gen,8,Hybrid,2048,17.3,NVIDIA RTX 3070,Windows 11,2.5,0,2,111600.0
HP,Intel Core i3,12th Gen,32,SSD,256,15.6,NVIDIA RTX 3070,Windows 11,2.5,0,1,74000.0
Samsung,AMD Ryzen 3,Ryzen 6000,64,HDD,512,13.3,NVIDIA RTX 3050,Windows 11,1.8,1,1,72500.0
Apple,Intel Core i5,14th Gen,64,SSD,2048,15.6,NVIDIA GTX 1650,Windows 10,1.8,0,1,90200.0
Acer,AMD Ryzen 3,Ryzen 5000,4,HDD,512,13.3,NVIDIA RTX 3060,Windows 10,1.8,0,2,44700.0
HP,AMD Ryzen 9,Ryzen 7000,16,SSD,2048,14.0,NVIDIA RTX 3070,Windows 10,1.2,0,2,138400.0
MSI,Apple M1,M1 Pro,32,HDD,256,14.0,Integrated,macOS,2.5,1,2,131200.0
Lenovo,Intel Core i5,13th Gen,4,HDD,256,15.6,NVIDIA RTX 3070,Windows 10,2.5,0,2,75500.0
Lenovo,Intel Core i7,14th Gen,16,SSD,2048,13.3,NVIDIA RTX 4060,macOS,2.5,0,1,100000.0
HP,Intel Core i7,14th Gen,32,Hybrid,256,15.6,NVIDIA GTX 1650,Windows 11,2.3,1,1,82300.0
Microsoft,Intel Core i3,11th Gen,8,HDD,512,15.6,AMD Radeon,Windows 11,1.8,0,1,38600.0
Acer,AMD Ryzen 9,Ryzen 6000,16,Hybrid,512,13.3,NVIDIA GTX 1650,Linux,2.0,0,1,103600.0
Dell,AMD Ryzen 5,Ryzen 7000,64,SSD,1024,15.6,AMD Radeon,Windows 10,1.5,0,3,75800.0
Dell,AMD Ryzen 9,Ryzen 7000,4,Hybrid,256,14.0,AMD Radeon,Windows 11,2.0,0,3,103400.0
MSI,Apple M1,M1,16,Hybrid,512,17.3,NVIDIA RTX 3060,Windows 10,1.2,0,1,132400.0
Microsoft,AMD Ryzen 3,Ryzen 6000,16,Hybrid,2048,17.3,NVIDIA RTX 3050,macOS,1.2,0,2,59400.0
Asus,Intel Core i7,11th Gen,64,Hybrid,256,15.6,AMD Radeon,Windows 11,2.5,0,3,91000.0
Asus,AMD Ryzen 3,Ryzen 6000,32,Hybrid,512,13.3,AMD Radeon,Windows 10,2.0,0,1,37800.0
Apple,AMD Ryzen 3,Ryzen 6000,8,HDD,256,13.3,NVIDIA RTX 3060,Windows 11,2.5,0,1,52700.0
Acer,AMD Ryzen 3,Ryzen 7000,64,HDD,2048,14.0,NVIDIA RTX 3070,Windows 11,2.3,1,1,90000.0
Acer,Intel Core i7,12th Gen,8,HDD,512,13.3,NVIDIA RTX 4060,Windows 10,1.2,1,2,93800.0
Lenovo,Apple M2,M2 Pro,32,SSD,1024,13.3,Integrated,Windows 11,1.2,1,3,154200.0
Razer,Intel Core i9,14th Gen,16,Hybrid,1024,14.0,NVIDIA RTX 3060,Windows 11,2.0,0,2,140300.0
MSI,Apple M1,M1 Pro,8,HDD,256,15.6,NVIDIA RTX 3050,Windows 11,1.2,0,1,113300.0
Dell,Apple M2,M2 Max,4,SSD,2048,17.3,NVIDIA RTX 3060,Windows 11,2.3,0,1,206900.0
MSI,Apple M1,M1 Max,4,HDD,512,14.0,NVIDIA GTX 1650,macOS,2.3,0,2,150900.0
Asus,Intel Core i5,11th Gen,64,HDD,2048,15.6,NVIDIA RTX 3070,Windows 11,2.3,1,3,107800.0
Asus,AMD Ryzen 9,Ryzen 7000,32,Hybrid,512,14.0,NVIDIA RTX 3070,Linux,1.5,0,2,129900.0
HP,AMD Ryzen 9,Ryzen 6000,64,SSD,256,15.6,AMD Radeon,Windows 11,2.3,0,2,124900.0
Apple,AMD Ryzen 7,Ryzen 7000,64,Hybrid,512,14.0,NVIDIA RTX 3070,Windows 10,2.3,0,1,132600.0
Acer,AMD Ryzen 9,Ryzen 6000,64,Hybrid,2048,15.6,NVIDIA RTX 3070,Linux,1.5,0,3,152800.0
Samsung,Intel Core i7,12th Gen,4,HDD,2048,14.0,NVIDIA RTX 3070,macOS,2.5,0,2,103500.0
MSI,AMD Ryzen 5,Ryzen 5000,4,Hybrid,256,15.6,NVIDIA RTX 3070,Linux,1.8,0,1,67500.0
Asus,Intel Core i3,12th Gen,64,SSD,2048,14.0,Integrated,Linux,1.2,0,2,60700.0
Razer,AMD Ryzen 7,Ryzen 5000,4,Hybrid,512,17.3,NVIDIA RTX 3050,Linux,2.3,1,1,85800.0
Lenovo,Intel Core i3,12th Gen,32,Hybrid,256,17.3,AMD Radeon,Windows 10,1.2,0,1,49600.0
Dell,Apple M1,M1 Pro,64,Hybrid,512,13.3,NVIDIA RTX 3070,Windows 10,2.0,1,1,173500.0
Apple,Intel Core i3,13th Gen,4,HDD,2048,15.6,AMD Radeon,Windows 10,1.2,1,1,50800.0
Razer,Intel Core i3,13th Gen,8,SSD,256,14.0,NVIDIA RTX 3050,macOS,2.5,0,1,55200.0
Apple,AMD Ryzen 7,Ryzen 6000,64,HDD,512,15.6,NVIDIA RTX 4060,Windows 10,1.5,1,1,122200.0
HP,Intel Core i5,11th Gen,64,HDD,2048,17.3,NVIDIA RTX 3070,Windows 10,1.2,0,2,109800.0
Samsung,AMD Ryzen 3,Ryzen 6000,32,HDD,2048,15.6,AMD Radeon,Linux,1.2,1,1,57800.0
Asus,AMD Ryzen 9,Ryzen 7000,16,HDD,1024,14.0,NVIDIA RTX 3060,Windows 10,1.2,0,1,120100.0
Lenovo,AMD Ryzen 9,Ryzen 7000,16,HDD,2048,15.6,AMD Radeon,Windows 11,1.8,0,1,101300.0
Razer,Intel Core i7,13th Gen,32,SSD,512,14.0,NVIDIA RTX 3070,Windows 10,1.8,0,2,120700.0
Apple,AMD Ryzen 7,Ryzen 5000,32,Hybrid,256,17.3,NVIDIA GTX 1650,macOS,2.0,0,1,95500.0
Acer,Intel Core i7,11th Gen,32,HDD,1024,17.3,Integrated,macOS,1.5,1,1,74000.0
HP,AMD Ryzen 5,Ryzen 6000,16,HDD,2048,17.3,NVIDIA RTX 3060,Windows 11,1.2,0,3,74300.0
Acer,AMD Ryzen 5,Ryzen 5000,32,SSD,2048,13.3,NVIDIA RTX 3060,macOS,1.2,0,2,75900.0
Lenovo,Intel Core i7,11th Gen,4,SSD,2048,17.3,NVIDIA GTX 1650,macOS,1.2,0,3,83900.0
Razer,AMD Ryzen 7,Ryzen 6000,64,Hybrid,512,15.6,NVIDIA RTX 3070,Linux,1.2,1,1,126600.0
HP,Intel Core i7,12th Gen,64,SSD,1024,13.3,Integrated,Windows 11,1.8,0,1,87700.0
Razer,AMD Ryzen 9,Ryzen 7000,8,Hybrid,512,17.3,NVIDIA RTX 3060,Linux,2.5,0,2,138700.0
Asus,Apple M2,M2,8,HDD,1024,15.6,Integrated,Linux,2.5,0,1,115000.0
Microsoft,Intel Core i9,14th Gen,64,HDD,256,15.6,NVIDIA RTX 3060,Windows 10,2.0,1,1,154200.0
HP,Intel Core i3,11th Gen,4,Hybrid,512,15.6,NVIDIA RTX 3070,Windows 11,2.3,0,1,59800.0
Acer,Intel Core i9,14th Gen,16,SSD,512,14.0,NVIDIA RTX 4060,Windows 10,1.5,0,3,136200.0
Lenovo,AMD Ryzen 7,Ryzen 5000,16,Hybrid,256,13.3,NVIDIA RTX 3060,Windows 10,2.5,0,1,82300.0
Samsung,Intel Core i9,13th Gen,4,SSD,1024,15.6,NVIDIA RTX 4060,Linux,1.2,1,3,153400.0
Asus,AMD Ryzen 5,Ryzen 7000,16,HDD,2048,14.0,NVIDIA RTX 3060,macOS,2.5,0,3,71500.0
Microsoft,Apple M1,M1 Pro,32,SSD,256,17.3,NVIDIA RTX 3050,Windows 11,2.0,0,1,142100.0
Samsung,Intel Core i3,10th Gen,64,Hybrid,2048,15.6,NVIDIA RTX 3070,macOS,2.3,0,2,90700.0
Dell,AMD Ryzen 3,Ryzen 7000,64,Hybrid,2048,14.0,NVIDIA GTX 1650,Linux,2.5,1,2,70600.0
Asus,AMD Ryzen 7,Ryzen 5000,4,HDD,256,15.6,NVIDIA RTX 4060,Linux,2.0,1,3,84700.0
Lenovo,Intel Core i3,10th Gen,16,SSD,1024,13.3,NVIDIA GTX 1650,Linux,1.8,0,1,36400.0
Apple,Intel Core i9,13th Gen,8,SSD,2048,13.3,NVIDIA RTX 3070,Linux,2.3,0,2,146200.0
HP,AMD Ryzen 5,Ryzen 7000,8,SSD,256,17.3,AMD Radeon,Linux,2.0,0,1,52900.0
Razer,Intel Core i5,14th Gen,16,HDD,512,15.6,NVIDIA GTX 1650,Linux,2.5,0,3,70200.0
Lenovo,Apple M2,M2,8,SSD,512,14.0,NVIDIA RTX 3070,macOS,1.8,0,1,155700.0
HP,AMD Ryzen 3,Ryzen 7000,4,Hybrid,512,17.3,NVIDIA GTX 1650,Windows 10,2.0,0,1,45700.0
Samsung,Apple M2,M2,4,SSD,256,15.6,NVIDIA RTX 4060,macOS,2.0,0,2,156100.0
Razer,Intel Core i3,13th Gen,16,HDD,512,17.3,NVIDIA RTX 3050,Windows 11,2.5,1,3,71800.0
MSI,AMD Ryzen 5,Ryzen 5000,8,SSD,2048,14.0,NVIDIA GTX 1650,macOS,2.3,0,2,62300.0
Acer,AMD Ryzen 5,Ryzen 7000,4,SSD,512,17.3,NVIDIA RTX 4060,Linux,1.8,0,1,73800.0
Dell,Intel Core i9,14th Gen,4,Hybrid,512,17.3,NVIDIA RTX 3060,macOS,1.2,0,1,130500.0
Asus,AMD Ryzen 9,Ryzen 6000,32,SSD,2048,17.3,NVIDIA RTX 3070,Windows 10,1.5,0,3,146800.0
Lenovo,Intel Core i9,14th Gen,32,Hybrid,512,15.6,Integrated,Windows 11,2.3,0,2,103800.0
Dell,AMD Ryzen 9,Ryzen 7000,4,Hybrid,2048,14.0,AMD Radeon,macOS,1.8,0,3,110700.0
Apple,AMD Ryzen 9,Ryzen 6000,16,HDD,512,13.3,Integrated,Windows 10,2.0,0,1,105300.0
HP,AMD Ryzen 3,Ryzen 6000,64,Hybrid,2048,15.6,NVIDIA RTX 3070,macOS,1.8,1,1,87200.0
HP,Intel Core i9,13th Gen,64,Hybrid,512,13.3,NVIDIA RTX 3050,Windows 11,1.5,1,2,143800.0
Lenovo,Intel Core i5,11th Gen,4,HDD,2048,13.3,NVIDIA GTX 1650,macOS,2.5,0,3,55500.0
Microsoft,Intel Core i7,11th Gen,4,Hybrid,256,15.6,NVIDIA RTX 3050,Linux,1.5,0,1,76800.0
Microsoft,Intel Core i7,12th Gen,4,HDD,2048,15.6,Integrated,macOS,1.2,0,3,76900.0
MSI,Intel Core i9,13th Gen,16,SSD,512,14.0,AMD Radeon,Windows 10,1.2,0,2,116500.0
Acer,Intel Core i9,12th Gen,32,HDD,512,14.0,NVIDIA RTX 4060,macOS,1.5,0,1,131300.0
Razer,Apple M2,M2,4,Hybrid,1024,17.3,AMD Radeon,Windows 10,2.3,1,1,148500.0
Apple,AMD Ryzen 3,Ryzen 5000,4,HDD,2048,13.3,NVIDIA RTX 3070,Windows 11,2.3,1,1,68700.0
Dell,Intel Core i9,14th Gen,8,Hybrid,256,14.0,NVIDIA RTX 3070,macOS,2.0,1,2,136900.0
Microsoft,Apple M2,M2,16,SSD,2048,17.3,NVIDIA RTX 3050,Windows 11,1.2,0,1,144800.0
MSI,AMD Ryzen 9,Ryzen 6000,4,HDD,2048,14.0,NVIDIA RTX 4060,Windows 11,2.0,1,1,125400.0
MSI,AMD Ryzen 5,Ryzen 6000,8,SSD,256,15.6,NVIDIA RTX 3050,macOS,1.2,1,3,66400.0
Lenovo,AMD Ryzen 5,Ryzen 5000,64,Hybrid,2048,14.0,NVIDIA GTX 1650,Windows 10,1.5,0,1,73400.0
Apple,AMD Ryzen 9,Ryzen 6000,4,Hybrid,256,13.3,NVIDIA RTX 3060,Windows 11,2.3,0,1,120200.0
Samsung,AMD Ryzen 7,Ryzen 5000,4,SSD,256,14.0,NVIDIA RTX 4060,Windows 11,2.3,1,1,85100.0
Razer,Apple M2,M2 Max,8,HDD,2048,13.3,NVIDIA RTX 3060,macOS,1.5,0,2,196300.0
Acer,Apple M2,M2,16,HDD,2048,15.6,AMD Radeon,macOS,2.0,0,2,128000.0
Asus,AMD Ryzen 9,Ryzen 7000,4,Hybrid,512,13.3,NVIDIA GTX 1650,macOS,2.0,0,1,107400.0
Lenovo,Intel Core i5,14th Gen,64,SSD,512,14.0,NVIDIA RTX 3060,macOS,1.8,0,2,94800.0
Razer,Apple M1,M1,4,SSD,1024,17.3,Integrated,macOS,1.2,0,2,110700.0
